vehicle,serial,departure,arrival,duration_min,origin,destination,origin_lat,origin_lng,destination_lat,destination_lng,miles,straight_miles,efficiency_ratio,efficiency,why_inefficient,efficient_action,potential_saved_miles
RPS 933-089 11 EO,0470009731,2026-09-29 08:16:19,2026-09-29 09:07:36,51.3,"Carretera 670 (Tertiary, PR-670), Manati, Puerto Rico, 00693","Urbanización Extensión Forest Hills (Neighbourhood, residential, neighbourhood), Bayamon, Puerto Rico, 00959",18.424385,-66.47548,18.383871,-66.166231,28.24,20.47,1.38,Revisar,Recorrio 1.38x la distancia directa; supera el umbral eficiente de 1.35x.,"Para ser eficiente debe acercarse a 27.6 mi o menos; posible ahorro 0.6 mi. Revisar trafico, secuencia de entregas y desvio autorizado.",0.61
RPS 994-209 19 MD,0470009727,2026-09-29 08:19:32,2026-09-29 08:51:01,31.5,"Rio Grande de Manati at Barceloneta Levee (Dyke), Barceloneta, Puerto Rico, 00617","Avenida Las Américas (Residential), Arecibo, Puerto Rico, 00612",18.461191,-66.544385,18.450638,-66.665778,15.13,7.99,1.89,Ineficiente,Recorrio 1.89x la distancia directa; la ruta fue mucho mas larga que el trayecto esperado.,Alternativa: reordenar paradas y comparar contra Google Routes antes del despacho. Para pasar a eficiente: 10.8 mi o menos; ahorro estimado 4.3 mi.,4.35
RPS-985-742-18 ER,0470009732,2026-09-29 08:27:47,2026-09-29 08:33:17,5.5,"Residential, Manati, Puerto Rico, 00674","Residential, Manati, Puerto Rico, 00674",18.424488,-66.475433,18.42446,-66.47546,0.26,0.0,,Sin distancia suficiente,La salida y llegada estan demasiado cerca o falta odometro para evaluar eficiencia.,Validar GPS/odometro; esta ruta no tiene distancia suficiente para comparacion operacional.,0
RPS 996-332 21 EP,0470009726,2026-09-29 08:29:36,2026-09-29 08:56:36,27.0,"Calle Gregorio Pantoja (Residential), Vega Baja, Puerto Rico, 00693","Calle Fernando Rosario Vázquez (Calle Atenas) (Residential), Vega Baja, Puerto Rico, 00693",18.366973,-66.386016,18.437108,-66.377993,6.75,4.87,1.39,Revisar,Recorrio 1.39x la distancia directa; supera el umbral eficiente de 1.35x.,"Para ser eficiente debe acercarse a 6.6 mi o menos; posible ahorro 0.2 mi. Revisar trafico, secuencia de entregas y desvio autorizado.",0.17
RPS 933-090 12 LR,0470009730,2026-09-29 08:43:13,2026-09-29 09:36:40,53.5,"Carretera 670 (Tertiary, PR-670), Manati, Puerto Rico, 00693","Urbanización Flamboyán Gardens (Neighbourhood, residential, neighbourhood), Bayamon, Puerto Rico, 00959",18.424383,-66.475571,18.384671,-66.156901,28.52,21.07,1.35,Eficiente,Recorrio 1.35x la distancia directa; esta dentro del umbral operacional de 1.35x.,Mantener patron actual; usar como referencia para rutas similares.,0
RPS 933-091 13 ME,0470009728,2026-09-29 08:43:32,2026-09-29 08:45:08,1.6,"Carretera 670 (Tertiary, PR-670), Manati, Puerto Rico, 00693","Residential, Manati, Puerto Rico, 00674",18.424383,-66.47553,18.424678,-66.475468,0.04,0.02,,Sin distancia suficiente,La salida y llegada estan demasiado cerca o falta odometro para evaluar eficiencia.,Validar GPS/odometro; esta ruta no tiene distancia suficiente para comparacion operacional.,0
RPS 1035617 - DV,866846053686225,2026-09-29 08:44:38,2026-09-29 09:52:54,68.3,"Residential, Manati, Puerto Rico, 00674","Guaynabo, Puerto Rico, 00971",18.4247333,-66.4754249,18.3284433,-66.1103699,0,24.84,,Sin distancia suficiente,La salida y llegada estan demasiado cerca o falta odometro para evaluar eficiencia.,Validar GPS/odometro; esta ruta no tiene distancia suficiente para comparacion operacional.,0
RPS 933-091 13 ME,0470009728,2026-09-29 08:55:28,2026-09-29 09:36:30,41.0,"Residential, Manati, Puerto Rico, 00674","Urbanización Flamboyán Gardens (Neighbourhood, residential, neighbourhood), Bayamon, Puerto Rico, 00959",18.424678,-66.475466,18.38464,-66.156925,28.47,21.07,1.35,Eficiente,Recorrio 1.35x la distancia directa; esta dentro del umbral operacional de 1.35x.,Mantener patron actual; usar como referencia para rutas similares.,0
RPS 996-332 21 EP,0470009726,2026-09-29 09:02:14,2026-09-29 09:11:16,9.0,"Calle Fernando Rosario Vázquez (Calle Atenas) (Residential), Vega Baja, Puerto Rico, 00693","Carretera Militar (Secondary, PR-2), Vega Alta, Puerto Rico, 00692",18.437108,-66.377993,18.44556,-66.37144,1.29,0.72,1.78,Revisar,Recorrio 1.78x la distancia directa; supera el umbral eficiente de 1.35x.,"Para ser eficiente debe acercarse a 1.0 mi o menos; posible ahorro 0.3 mi. Revisar trafico, secuencia de entregas y desvio autorizado.",0.31
RPS 994-204 20 RR,0470009744,2026-09-29 09:07:39,2026-09-29 09:38:57,31.3,"Calle Melocotón (Residential), Catano, Puerto Rico, 00962","Calle Nieves Padilla (Residential), Guaynabo, Puerto Rico, 00971",18.435723,-66.144916,18.323105,-66.139846,9.99,7.79,1.28,Eficiente,Recorrio 1.28x la distancia directa; esta dentro del umbral operacional de 1.35x.,Mantener patron actual; usar como referencia para rutas similares.,0
RPS 994-209 19 MD,0470009727,2026-09-29 09:08:03,2026-09-29 09:27:05,19.0,"Avenida Las Américas (Residential), Arecibo, Puerto Rico, 00612","Avenida Luis Llorens Torres (Primary, PR-2), Arecibo, Puerto Rico, 00612",18.450638,-66.665778,18.469665,-66.721106,4.89,3.86,1.27,Eficiente,Recorrio 1.27x la distancia directa; esta dentro del umbral operacional de 1.35x.,Mantener patron actual; usar como referencia para rutas similares.,0
RPS 996-332 21 EP,0470009726,2026-09-29 09:13:38,2026-09-29 09:34:45,21.1,"Carretera Militar (Secondary, PR-2), Vega Alta, Puerto Rico, 00692","Calle Juan Antonio Corretger (Residential), Vega Alta, Puerto Rico, 00692",18.445585,-66.371446,18.442671,-66.330933,4.41,2.66,1.66,Revisar,Recorrio 1.66x la distancia directa; supera el umbral eficiente de 1.35x.,"Para ser eficiente debe acercarse a 3.6 mi o menos; posible ahorro 0.8 mi. Revisar trafico, secuencia de entregas y desvio autorizado.",0.82
RPS 1038729 - LV,866846053691563,2026-09-29 09:21:13,2026-09-29 09:31:17,10.1,"Carretera 670 (Tertiary, PR-670), Manati, Puerto Rico, 00693","Carretera Militar (Secondary, PR-2), Manati, Puerto Rico, 00674",18.424415,-66.4755733,18.4363483,-66.4629966,0.0,1.17,0.0,Eficiente,Recorrio 0.0x la distancia directa; esta dentro del umbral operacional de 1.35x.,Mantener patron actual; usar como referencia para rutas similares.,0
RPS 994-209 19 MD,0470009727,2026-09-29 09:32:32,2026-09-29 10:16:39,44.1,"Avenida Luis Llorens Torres (Primary, PR-2), Arecibo, Puerto Rico, 00612","PR-605 (Tertiary), Utuado, Puerto Rico, 00641",18.469665,-66.721106,18.233638,-66.678428,22.28,16.55,1.35,Eficiente,Recorrio 1.35x la distancia directa; esta dentro del umbral operacional de 1.35x.,Mantener patron actual; usar como referencia para rutas similares.,0
RPS 1038729 - LV,866846053691563,2026-09-29 09:38:17,2026-09-29 11:08:56,90.7,"Carretera Militar (Secondary, PR-2), Manati, Puerto Rico, 00674","Pedro Rosario Nieves (Neighbourhood, residential, neighbourhood), Fajardo, Puerto Rico, 00738",18.436255,-66.4629783,18.333695,-65.6464166,0.04,54.01,0.0,Eficiente,Recorrio 0.0x la distancia directa; esta dentro del umbral operacional de 1.35x.,Mantener patron actual; usar como referencia para rutas similares.,0
RPS 996-332 21 EP,0470009726,2026-09-29 09:39:18,2026-09-29 10:05:43,26.4,"Calle Juan Antonio Corretger (Residential), Vega Alta, Puerto Rico, 00692","Calle 3 (Residential), Dorado, Puerto Rico, 00646",18.442671,-66.330936,18.469936,-66.264498,8.83,4.74,1.86,Ineficiente,Recorrio 1.86x la distancia directa; la ruta fue mucho mas larga que el trayecto esperado.,Alternativa: reordenar paradas y comparar contra Google Routes antes del despacho. Para pasar a eficiente: 6.4 mi o menos; ahorro estimado 2.4 mi.,2.43
RPS 933-090 12 LR,0470009730,2026-09-29 09:47:59,2026-09-29 10:12:44,24.8,"Urbanización Flamboyán Gardens (Neighbourhood, residential, neighbourhood), Bayamon, Puerto Rico, 00959","Calle Flamboyán (Residential), Guaynabo, Puerto Rico, 00966",18.384671,-66.156901,18.399871,-66.11982,3.58,2.65,1.35,Eficiente,Recorrio 1.35x la distancia directa; esta dentro del umbral operacional de 1.35x.,Mantener patron actual; usar como referencia para rutas similares.,0
RPS 933-091 13 ME,0470009728,2026-09-29 09:49:02,2026-09-29 10:18:38,29.6,"Urbanización Flamboyán Gardens (Neighbourhood, residential, neighbourhood), Bayamon, Puerto Rico, 00959","Urbanización Alturas de Flamboyán (Neighbourhood, residential, neighbourhood), Bayamon, Puerto Rico, 00959",18.38464,-66.156925,18.390041,-66.149763,1.15,0.6,1.92,Ineficiente,Recorrio 1.92x la distancia directa; la ruta fue mucho mas larga que el trayecto esperado.,Alternativa: reordenar paradas y comparar contra Google Routes antes del despacho. Para pasar a eficiente: 0.8 mi o menos; ahorro estimado 0.3 mi.,0.34
RPS 933-089 11 EO,0470009731,2026-09-29 09:53:52,2026-09-29 10:10:37,16.8,"Urbanización Extensión Forest Hills (Neighbourhood, residential, neighbourhood), Bayamon, Puerto Rico, 00959","Urbanización Bella Vista Gardens (Neighbourhood, residential, neighbourhood), Bayamon, Puerto Rico, 00957",18.383871,-66.166231,18.354716,-66.192383,3.65,2.65,1.38,Revisar,Recorrio 1.38x la distancia directa; supera el umbral eficiente de 1.35x.,"Para ser eficiente debe acercarse a 3.6 mi o menos; posible ahorro 0.1 mi. Revisar trafico, secuencia de entregas y desvio autorizado.",0.08
RPS 994-204 20 RR,0470009744,2026-09-29 09:54:51,2026-09-29 10:34:27,39.6,"Calle Nieves Padilla (Residential), Guaynabo, Puerto Rico, 00971","Calle B (Residential), Guaynabo, Puerto Rico, 00969",18.323105,-66.139846,18.361713,-66.093668,8.63,4.04,2.14,Ineficiente,Recorrio 2.14x la distancia directa; la ruta fue mucho mas larga que el trayecto esperado.,Alternativa: reordenar paradas y comparar contra Google Routes antes del despacho. Para pasar a eficiente: 5.4 mi o menos; ahorro estimado 3.2 mi.,3.18
RPS-985-742-18 ER,0470009732,2026-09-29 09:57:56,2026-09-29 10:13:29,15.6,"Residential, Manati, Puerto Rico, 00674","Post_office (United States Postal Service), Manati, Puerto Rico, 00674",18.42446,-66.47546,18.432998,-66.48425,1.64,0.82,1.99,Ineficiente,Recorrio 1.99x la distancia directa; la ruta fue mucho mas larga que el trayecto esperado.,Alternativa: reordenar paradas y comparar contra Google Routes antes del despacho. Para pasar a eficiente: 1.1 mi o menos; ahorro estimado 0.5 mi.,0.53
RPS 1035617 - DV,866846053686225,2026-09-29 09:59:55,2026-09-29 10:13:31,13.6,"Guaynabo, Puerto Rico, 00971","Calle Esteves (Residential), Guaynabo, Puerto Rico, 00969",18.3284433,-66.1103699,18.3515266,-66.1150433,0,1.62,,Sin distancia suficiente,La salida y llegada estan demasiado cerca o falta odometro para evaluar eficiencia.,Validar GPS/odometro; esta ruta no tiene distancia suficiente para comparacion operacional.,0
RPS 996-332 21 EP,0470009726,2026-09-29 10:14:50,2026-09-29 10:52:33,37.7,"Calle 3 (Residential), Dorado, Puerto Rico, 00646","Condominio Primavera (Residential, residential), Bayamon, Puerto Rico, 00961",18.469936,-66.264498,18.406876,-66.192126,11.49,6.44,1.78,Revisar,Recorrio 1.78x la distancia directa; supera el umbral eficiente de 1.35x.,"Para ser eficiente debe acercarse a 8.7 mi o menos; posible ahorro 2.8 mi. Revisar trafico, secuencia de entregas y desvio autorizado.",2.79
RPS 1035617 - DV,866846053686225,2026-09-29 10:26:02,2026-09-29 10:36:16,10.2,"Calle Esteves (Residential), Guaynabo, Puerto Rico, 00969","Guaynabo, Puerto Rico, 00969",18.3515266,-66.1150433,18.358905,-66.125825,0,0.87,,Sin distancia suficiente,La salida y llegada estan demasiado cerca o falta odometro para evaluar eficiencia.,Validar GPS/odometro; esta ruta no tiene distancia suficiente para comparacion operacional.,0
RPS 994-209 19 MD,0470009727,2026-09-29 10:26:45,2026-09-29 10:54:13,27.5,"PR-605 (Tertiary), Utuado, Puerto Rico, 00641","Residencial Jesús María Lago (Neighbourhood, residential, neighbourhood), Utuado, Puerto Rico, 00641",18.233638,-66.678428,18.282491,-66.702638,5.86,3.73,1.57,Revisar,Recorrio 1.57x la distancia directa; supera el umbral eficiente de 1.35x.,"Para ser eficiente debe acercarse a 5.0 mi o menos; posible ahorro 0.8 mi. Revisar trafico, secuencia de entregas y desvio autorizado.",0.82
RPS 933-091 13 ME,0470009728,2026-09-29 10:27:54,2026-09-29 11:11:13,43.3,"Urbanización Alturas de Flamboyán (Neighbourhood, residential, neighbourhood), Bayamon, Puerto Rico, 00959","Urb. Río Plata (Residential, residential), Comerio, Puerto Rico, 00782",18.390041,-66.149763,18.225211,-66.219616,16.04,12.28,1.31,Eficiente,Recorrio 1.31x la distancia directa; esta dentro del umbral operacional de 1.35x.,Mantener patron actual; usar como referencia para rutas similares.,0
RPS-985-742-18 ER,0470009732,2026-09-29 10:27:55,2026-09-29 10:36:42,8.8,"Post_office (United States Postal Service), Manati, Puerto Rico, 00674","Residential, Manati, Puerto Rico, 00674",18.432998,-66.484249,18.424479,-66.475437,1.53,0.82,1.85,Ineficiente,Recorrio 1.85x la distancia directa; la ruta fue mucho mas larga que el trayecto esperado.,Alternativa: reordenar paradas y comparar contra Google Routes antes del despacho. Para pasar a eficiente: 1.1 mi o menos; ahorro estimado 0.4 mi.,0.41
RPS 933-089 11 EO,0470009731,2026-09-29 10:27:56,2026-09-29 11:01:30,33.6,"Urbanización Bella Vista Gardens (Neighbourhood, residential, neighbourhood), Bayamon, Puerto Rico, 00957","Paseo Conde (Residential), Toa Baja, Puerto Rico, 00949",18.354716,-66.192383,18.459625,-66.187128,11.99,7.26,1.65,Revisar,Recorrio 1.65x la distancia directa; supera el umbral eficiente de 1.35x.,"Para ser eficiente debe acercarse a 9.8 mi o menos; posible ahorro 2.2 mi. Revisar trafico, secuencia de entregas y desvio autorizado.",2.2
RPS 933-090 12 LR,0470009730,2026-09-29 10:38:54,2026-09-29 11:01:09,22.2,"Calle Flamboyán (Residential), Guaynabo, Puerto Rico, 00966","Calle Casiopea (Residential), San Juan, Puerto Rico, 00923",18.399871,-66.11982,18.403473,-66.040735,7.82,5.19,1.51,Revisar,Recorrio 1.51x la distancia directa; supera el umbral eficiente de 1.35x.,"Para ser eficiente debe acercarse a 7.0 mi o menos; posible ahorro 0.8 mi. Revisar trafico, secuencia de entregas y desvio autorizado.",0.81
RPS 1035617 - DV,866846053686225,2026-09-29 10:42:49,2026-09-29 11:13:29,30.7,"Guaynabo, Puerto Rico, 00969","Urbanización Húcares (Neighbourhood, residential, neighbourhood), San Juan, Puerto Rico, 00926",18.358905,-66.125825,18.3621283,-66.0630733,0,4.12,,Sin distancia suficiente,La salida y llegada estan demasiado cerca o falta odometro para evaluar eficiencia.,Validar GPS/odometro; esta ruta no tiene distancia suficiente para comparacion operacional.,0
RPS 994-204 20 RR,0470009744,2026-09-29 10:44:06,2026-09-29 11:09:58,25.9,"Calle B (Residential), Guaynabo, Puerto Rico, 00969","Calle 62 Sureste (Residential), San Juan, Puerto Rico, 00921",18.361713,-66.093668,18.395578,-66.076503,4.9,2.6,1.89,Ineficiente,Recorrio 1.89x la distancia directa; la ruta fue mucho mas larga que el trayecto esperado.,Alternativa: reordenar paradas y comparar contra Google Routes antes del despacho. Para pasar a eficiente: 3.5 mi o menos; ahorro estimado 1.4 mi.,1.4
RPS 996-332 21 EP,0470009726,2026-09-29 10:59:43,2026-09-29 11:17:32,17.8,"Condominio Primavera (Residential, residential), Bayamon, Puerto Rico, 00961","Carretera Militar (Primary, PR-2), Bayamon, Puerto Rico, 00961",18.406868,-66.192195,18.39634,-66.158466,2.95,2.33,1.27,Eficiente,Recorrio 1.27x la distancia directa; esta dentro del umbral operacional de 1.35x.,Mantener patron actual; usar como referencia para rutas similares.,0
RPS 994-209 19 MD,0470009727,2026-09-29 11:07:12,2026-09-29 11:52:48,45.6,"Residencial Jesús María Lago (Neighbourhood, residential, neighbourhood), Utuado, Puerto Rico, 00641","Calle Paco Pagán (Residential), Hatillo, Puerto Rico, 00659",18.282491,-66.702638,18.425361,-66.78143,23.42,11.14,2.1,Ineficiente,Recorrio 2.1x la distancia directa; la ruta fue mucho mas larga que el trayecto esperado.,Alternativa: reordenar paradas y comparar contra Google Routes antes del despacho. Para pasar a eficiente: 15.0 mi o menos; ahorro estimado 8.4 mi.,8.38
RPS 994-204 20 RR,0470009744,2026-09-29 11:20:07,2026-09-29 11:34:43,14.6,"Calle 62 Sureste (Residential), San Juan, Puerto Rico, 00921","Urbanización El Paraíso (Neighbourhood, residential, neighbourhood), San Juan, Puerto Rico, 00926",18.395578,-66.076503,18.382086,-66.060948,2.28,1.38,1.65,Revisar,Recorrio 1.65x la distancia directa; supera el umbral eficiente de 1.35x.,"Para ser eficiente debe acercarse a 1.9 mi o menos; posible ahorro 0.4 mi. Revisar trafico, secuencia de entregas y desvio autorizado.",0.41
RPS 996-332 21 EP,0470009726,2026-09-29 11:20:56,2026-09-29 11:40:21,19.4,"Carretera Militar (Primary, PR-2), Bayamon, Puerto Rico, 00961","Urbanización Santa Juanita, 5ta Sección (Neighbourhood, residential, neighbourhood), Bayamon, Puerto Rico, 00956",18.39634,-66.158466,18.36616,-66.160953,4.09,2.09,1.96,Ineficiente,Recorrio 1.96x la distancia directa; la ruta fue mucho mas larga que el trayecto esperado.,Alternativa: reordenar paradas y comparar contra Google Routes antes del despacho. Para pasar a eficiente: 2.8 mi o menos; ahorro estimado 1.3 mi.,1.27
RPS 1035617 - DV,866846053686225,2026-09-29 11:24:24,2026-09-29 12:07:54,43.5,"Urbanización Húcares (Neighbourhood, residential, neighbourhood), San Juan, Puerto Rico, 00926","Avenida Las Palmas (Tertiary, PR-42), San Juan, Puerto Rico, 00909",18.3621283,-66.0630733,18.4429916,-66.0716566,0,5.62,,Sin distancia suficiente,La salida y llegada estan demasiado cerca o falta odometro para evaluar eficiencia.,Validar GPS/odometro; esta ruta no tiene distancia suficiente para comparacion operacional.,0
RPS 933-089 11 EO,0470009731,2026-09-29 11:27:44,2026-09-29 11:39:18,11.6,"Paseo Conde (Residential), Toa Baja, Puerto Rico, 00949","Walgreens (Chemist), Toa Baja, Puerto Rico, 00949",18.459623,-66.187129,18.438005,-66.179208,2.08,1.58,1.31,Eficiente,Recorrio 1.31x la distancia directa; esta dentro del umbral operacional de 1.35x.,Mantener patron actual; usar como referencia para rutas similares.,0
RPS 933-090 12 LR,0470009730,2026-09-29 11:33:25,2026-09-29 11:46:41,13.3,"Calle Casiopea (Residential), San Juan, Puerto Rico, 00923","Calle América (Residential), San Juan, Puerto Rico, 00917",18.403473,-66.040735,18.424846,-66.050716,2.23,1.62,1.38,Revisar,Recorrio 1.38x la distancia directa; supera el umbral eficiente de 1.35x.,"Para ser eficiente debe acercarse a 2.2 mi o menos; posible ahorro 0.1 mi. Revisar trafico, secuencia de entregas y desvio autorizado.",0.05
RPS 1038729 - LV,866846053691563,2026-09-29 11:34:18,2026-09-29 12:27:42,53.4,"Pedro Rosario Nieves (Neighbourhood, residential, neighbourhood), Fajardo, Puerto Rico, 00738","Calle 1 (Residential), Gurabo, Puerto Rico, 00778",18.333695,-65.6464166,18.2576383,-65.9767949,0.02,22.3,0.0,Eficiente,Recorrio 0.0x la distancia directa; esta dentro del umbral operacional de 1.35x.,Mantener patron actual; usar como referencia para rutas similares.,0
RPS 994-204 20 RR,0470009744,2026-09-29 11:37:31,2026-09-29 11:51:34,14.1,"Urbanización El Paraíso (Neighbourhood, residential, neighbourhood), San Juan, Puerto Rico, 00926","Barriada Buen Consejo (Neighbourhood, residential, neighbourhood), San Juan, Puerto Rico, 00926",18.382086,-66.060948,18.394426,-66.044645,2.19,1.37,1.6,Revisar,Recorrio 1.6x la distancia directa; supera el umbral eficiente de 1.35x.,"Para ser eficiente debe acercarse a 1.8 mi o menos; posible ahorro 0.3 mi. Revisar trafico, secuencia de entregas y desvio autorizado.",0.34
RPS 933-091 13 ME,0470009728,2026-09-29 11:41:28,2026-09-29 12:54:58,73.5,"Urb. Río Plata (Residential, residential), Comerio, Puerto Rico, 00782","Paseo Colina (Residential), Toa Baja, Puerto Rico, 00949",18.225211,-66.219616,18.454153,-66.18599,24.13,15.97,1.51,Revisar,Recorrio 1.51x la distancia directa; supera el umbral eficiente de 1.35x.,"Para ser eficiente debe acercarse a 21.6 mi o menos; posible ahorro 2.6 mi. Revisar trafico, secuencia de entregas y desvio autorizado.",2.57
RPS 996-332 21 EP,0470009726,2026-09-29 11:44:37,2026-09-29 11:56:29,11.9,"Urbanización Santa Juanita, 5ta Sección (Neighbourhood, residential, neighbourhood), Bayamon, Puerto Rico, 00956","Caribbean University (University), Av. Ramón Luis Rivera (Av. Comerío), Bayamón, Puerto Rico, 00959",18.36616,-66.160953,18.383101,-66.16991,1.5,1.31,1.15,Eficiente,Recorrio 1.15x la distancia directa; esta dentro del umbral operacional de 1.35x.,Mantener patron actual; usar como referencia para rutas similares.,0
RPS 933-089 11 EO,0470009731,2026-09-29 11:47:48,2026-09-29 12:49:52,62.1,"Walgreens (Chemist), Toa Baja, Puerto Rico, 00949","Calle Jazmín (Calle E) (Residential), Dorado, Puerto Rico, 00646",18.438005,-66.179208,18.403616,-66.300976,11.88,8.33,1.43,Revisar,Recorrio 1.43x la distancia directa; supera el umbral eficiente de 1.35x.,"Para ser eficiente debe acercarse a 11.2 mi o menos; posible ahorro 0.6 mi. Revisar trafico, secuencia de entregas y desvio autorizado.",0.63
RPS 994-204 20 RR,0470009744,2026-09-29 11:58:19,2026-09-29 12:35:16,37.0,"Barriada Buen Consejo (Neighbourhood, residential, neighbourhood), San Juan, Puerto Rico, 00926","Condominio Jardines Metropolitanos 1 (Apartments), Calle Galileo, San Juan, Puerto Rico, 00927",18.394426,-66.044645,18.401496,-66.066901,5.17,1.54,3.36,Ineficiente,Recorrio 3.36x la distancia directa; la ruta fue mucho mas larga que el trayecto esperado.,Alternativa: reordenar paradas y comparar contra Google Routes antes del despacho. Para pasar a eficiente: 2.1 mi o menos; ahorro estimado 3.1 mi.,3.09
RPS 996-332 21 EP,0470009726,2026-09-29 12:08:41,2026-09-29 12:22:21,13.7,"Caribbean University (University), Av. Ramón Luis Rivera (Av. Comerío), Bayamón, Puerto Rico, 00959","Urbanización Villa Rica (Neighbourhood, residential, neighbourhood), Bayamon, Puerto Rico, 00959",18.3831,-66.16991,18.395328,-66.174021,1.24,0.89,1.39,Revisar,Recorrio 1.39x la distancia directa; supera el umbral eficiente de 1.35x.,"Para ser eficiente debe acercarse a 1.2 mi o menos; posible ahorro 0.0 mi. Revisar trafico, secuencia de entregas y desvio autorizado.",0.04
RPS 1035617 - DV,866846053686225,2026-09-29 12:16:43,2026-09-29 12:34:24,17.7,"Avenida Las Palmas (Tertiary, PR-42), San Juan, Puerto Rico, 00909","Avenida Jesús Toribio Piñero / Avenida Central (Primary, Carretera 17, PR-17), San Juan, Puerto Rico, 00921",18.4429916,-66.0716566,18.400025,-66.0956716,0,3.36,,Sin distancia suficiente,La salida y llegada estan demasiado cerca o falta odometro para evaluar eficiencia.,Validar GPS/odometro; esta ruta no tiene distancia suficiente para comparacion operacional.,0
RPS IRK-578 17 AM,0470009725,2026-09-29 12:23:28,2026-09-29 12:23:53,0.4,"Calle 22 (Residential), Arecibo, Puerto Rico, 00612","Calle 22 (Residential), Arecibo, Puerto Rico, 00612",18.465053,-66.737045,18.465071,-66.737126,0.02,0.01,,Sin distancia suficiente,La salida y llegada estan demasiado cerca o falta odometro para evaluar eficiencia.,Validar GPS/odometro; esta ruta no tiene distancia suficiente para comparacion operacional.,0
RPS 933-090 12 LR,0470009730,2026-09-29 12:29:39,2026-09-29 13:32:35,62.9,"Calle América (Residential), San Juan, Puerto Rico, 00917","Monte Park (Neighbourhood, residential, neighbourhood), San Juan, Puerto Rico, 00924",18.424846,-66.050716,18.39059,-66.016864,5.25,3.24,1.62,Revisar,Recorrio 1.62x la distancia directa; supera el umbral eficiente de 1.35x.,"Para ser eficiente debe acercarse a 4.4 mi o menos; posible ahorro 0.9 mi. Revisar trafico, secuencia de entregas y desvio autorizado.",0.87
RPS 996-332 21 EP,0470009726,2026-09-29 12:31:14,2026-09-29 12:51:21,20.1,"Urbanización Villa Rica (Neighbourhood, residential, neighbourhood), Bayamon, Puerto Rico, 00959","Roof, Carretera Eduardo ""Eddie"" Santiago Rodríguez, Toa Alta, Puerto Rico, 00953",18.395328,-66.174021,18.366746,-66.224093,4.72,3.83,1.23,Eficiente,Recorrio 1.23x la distancia directa; esta dentro del umbral operacional de 1.35x.,Mantener patron actual; usar como referencia para rutas similares.,0
RPS 1035617 - DV,866846053686225,2026-09-29 12:36:15,2026-09-29 13:06:44,30.5,"Avenida Jesús Toribio Piñero / Avenida Central (Primary, Carretera 17, PR-17), San Juan, Puerto Rico, 00921","Calle Casimar (Residential), Vega Baja, Puerto Rico, 00693",18.400025,-66.0956716,18.4289233,-66.3716333,0,18.2,,Sin distancia suficiente,La salida y llegada estan demasiado cerca o falta odometro para evaluar eficiencia.,Validar GPS/odometro; esta ruta no tiene distancia suficiente para comparacion operacional.,0
RPS 994-204 20 RR,0470009744,2026-09-29 12:43:59,2026-09-29 13:07:38,23.6,"Condominio Jardines Metropolitanos 1 (Apartments), Calle Galileo, San Juan, Puerto Rico, 00927","Las Margaritas II (Neighbourhood, residential, neighbourhood), San Juan, Puerto Rico, 00915",18.401495,-66.066903,18.432953,-66.036351,5.05,2.96,1.71,Revisar,Recorrio 1.71x la distancia directa; supera el umbral eficiente de 1.35x.,"Para ser eficiente debe acercarse a 4.0 mi o menos; posible ahorro 1.1 mi. Revisar trafico, secuencia de entregas y desvio autorizado.",1.06
RPS IRK-578 17 AM,0470009725,2026-09-29 12:46:40,2026-09-29 15:26:39,160.0,"Calle 22 (Residential), Arecibo, Puerto Rico, 00612","Carretera 670 (Tertiary, PR-670), Manati, Puerto Rico, 00693",18.465073,-66.737121,18.424353,-66.475528,27.26,17.38,1.57,Revisar,Recorrio 1.57x la distancia directa; supera el umbral eficiente de 1.35x.,"Para ser eficiente debe acercarse a 23.5 mi o menos; posible ahorro 3.8 mi. Revisar trafico, secuencia de entregas y desvio autorizado.",3.8
RPS 994-209 19 MD,0470009727,2026-09-29 12:48:33,2026-09-29 12:57:29,8.9,"Calle Paco Pagán (Residential), Hatillo, Puerto Rico, 00659","Calle N (Residential), Hatillo, Puerto Rico, 00659",18.425361,-66.78143,18.407121,-66.788876,1.91,1.35,1.41,Revisar,Recorrio 1.41x la distancia directa; supera el umbral eficiente de 1.35x.,"Para ser eficiente debe acercarse a 1.8 mi o menos; posible ahorro 0.1 mi. Revisar trafico, secuencia de entregas y desvio autorizado.",0.09
RPS 996-332 21 EP,0470009726,2026-09-29 12:59:07,2026-09-29 13:19:54,20.8,"Roof, Carretera Eduardo ""Eddie"" Santiago Rodríguez, Toa Alta, Puerto Rico, 00953","Camino Vecinal (Residential), Toa Alta, Puerto Rico, 00953",18.366743,-66.224094,18.345336,-66.264841,5.93,3.05,1.94,Ineficiente,Recorrio 1.94x la distancia directa; la ruta fue mucho mas larga que el trayecto esperado.,Alternativa: reordenar paradas y comparar contra Google Routes antes del despacho. Para pasar a eficiente: 4.1 mi o menos; ahorro estimado 1.8 mi.,1.8
RPS 994-209 19 MD,0470009727,2026-09-29 13:10:50,2026-09-29 13:23:05,12.2,"Calle N (Residential), Hatillo, Puerto Rico, 00659","Service, Hatillo, Puerto Rico, 00659",18.407121,-66.788876,18.375828,-66.796318,4.09,2.22,1.85,Ineficiente,Recorrio 1.85x la distancia directa; la ruta fue mucho mas larga que el trayecto esperado.,Alternativa: reordenar paradas y comparar contra Google Routes antes del despacho. Para pasar a eficiente: 3.0 mi o menos; ahorro estimado 1.1 mi.,1.1
RPS 994-204 20 RR,0470009744,2026-09-29 13:14:58,2026-09-29 13:28:42,13.7,"Las Margaritas II (Neighbourhood, residential, neighbourhood), San Juan, Puerto Rico, 00915","Calle Laguna (Residential), San Juan, Puerto Rico, 00915",18.432953,-66.036353,18.440821,-66.045895,1.95,0.83,2.35,Ineficiente,Recorrio 2.35x la distancia directa; la ruta fue mucho mas larga que el trayecto esperado.,Alternativa: reordenar paradas y comparar contra Google Routes antes del despacho. Para pasar a eficiente: 1.1 mi o menos; ahorro estimado 0.8 mi.,0.83
RPS 1035617 - DV,866846053686225,2026-09-29 13:17:50,2026-09-29 14:18:35,60.8,"Calle Casimar (Residential), Vega Baja, Puerto Rico, 00693","Carretera Principal Charcas (Tertiary, PR-437), Quebradillas, Puerto Rico, 00678",18.4289233,-66.3716333,18.4119533,-66.931605,0,36.73,,Sin distancia suficiente,La salida y llegada estan demasiado cerca o falta odometro para evaluar eficiencia.,Validar GPS/odometro; esta ruta no tiene distancia suficiente para comparacion operacional.,0
RPS 933-089 11 EO,0470009731,2026-09-29 13:22:05,2026-09-29 13:53:18,31.2,"Calle Jazmín (Calle E) (Residential), Dorado, Puerto Rico, 00646","Track, Vega Baja, Puerto Rico, 00693",18.403616,-66.300976,18.401726,-66.414536,14.27,7.45,1.92,Ineficiente,Recorrio 1.92x la distancia directa; la ruta fue mucho mas larga que el trayecto esperado.,Alternativa: reordenar paradas y comparar contra Google Routes antes del despacho. Para pasar a eficiente: 10.1 mi o menos; ahorro estimado 4.2 mi.,4.22
RPS 994-209 19 MD,0470009727,2026-09-29 13:30:34,2026-09-29 13:47:01,16.4,"Service, Hatillo, Puerto Rico, 00659","Calle Paco Pagán (Residential), Hatillo, Puerto Rico, 00659",18.375828,-66.796318,18.425483,-66.781478,5.19,3.57,1.46,Revisar,Recorrio 1.46x la distancia directa; supera el umbral eficiente de 1.35x.,"Para ser eficiente debe acercarse a 4.8 mi o menos; posible ahorro 0.4 mi. Revisar trafico, secuencia de entregas y desvio autorizado.",0.38
RPS 994-204 20 RR,0470009744,2026-09-29 13:34:46,2026-09-29 14:01:49,27.1,"Calle Laguna (Residential), San Juan, Puerto Rico, 00915","Park Court (Neighbourhood, residential, neighbourhood), San Juan, Puerto Rico, 00926",18.440821,-66.045895,18.388268,-66.043916,8.14,3.63,2.24,Ineficiente,Recorrio 2.24x la distancia directa; la ruta fue mucho mas larga que el trayecto esperado.,Alternativa: reordenar paradas y comparar contra Google Routes antes del despacho. Para pasar a eficiente: 4.9 mi o menos; ahorro estimado 3.2 mi.,3.23
RPS 996-332 21 EP,0470009726,2026-09-29 13:35:16,2026-09-29 13:41:47,6.5,"Camino Vecinal (Residential), Toa Alta, Puerto Rico, 00953","Residential, Toa Alta, Puerto Rico, 00953",18.345336,-66.264841,18.333266,-66.255936,1.64,1.02,1.61,Revisar,Recorrio 1.61x la distancia directa; supera el umbral eficiente de 1.35x.,"Para ser eficiente debe acercarse a 1.4 mi o menos; posible ahorro 0.3 mi. Revisar trafico, secuencia de entregas y desvio autorizado.",0.26
RPS 933-091 13 ME,0470009728,2026-09-29 13:43:57,2026-09-29 13:56:58,13.0,"Paseo Colina (Residential), Toa Baja, Puerto Rico, 00949","PR-867 (Tertiary), Sabana Seca, Puerto Rico, 00952",18.454153,-66.18599,18.430966,-66.188628,2.76,1.61,1.71,Revisar,Recorrio 1.71x la distancia directa; supera el umbral eficiente de 1.35x.,"Para ser eficiente debe acercarse a 2.2 mi o menos; posible ahorro 0.6 mi. Revisar trafico, secuencia de entregas y desvio autorizado.",0.58
RPS 994-209 19 MD,0470009727,2026-09-29 13:50:25,2026-09-29 13:55:48,5.4,"Calle Paco Pagán (Residential), Hatillo, Puerto Rico, 00659","Residential, Hatillo, Puerto Rico, 00659",18.425483,-66.781478,18.436128,-66.785235,1.37,0.78,1.77,Revisar,Recorrio 1.77x la distancia directa; supera el umbral eficiente de 1.35x.,"Para ser eficiente debe acercarse a 1.0 mi o menos; posible ahorro 0.3 mi. Revisar trafico, secuencia de entregas y desvio autorizado.",0.32
RPS 1038729 - LV,866846053691563,2026-09-29 13:53:43,2026-09-29 14:09:33,15.8,"Calle 1 (Residential), Gurabo, Puerto Rico, 00778","Calle 2 (Residential), Gurabo, Puerto Rico, 00778",18.2576383,-65.9767949,18.2318083,-66.0009716,0.0,2.39,0.0,Eficiente,Recorrio 0.0x la distancia directa; esta dentro del umbral operacional de 1.35x.,Mantener patron actual; usar como referencia para rutas similares.,0
RPS 996-332 21 EP,0470009726,2026-09-29 13:53:48,2026-09-29 14:41:05,47.3,"Residential, Toa Alta, Puerto Rico, 00953","Service, Manati, Puerto Rico, 00674",18.333263,-66.255928,18.444953,-66.45717,21.19,15.29,1.39,Revisar,Recorrio 1.39x la distancia directa; supera el umbral eficiente de 1.35x.,"Para ser eficiente debe acercarse a 20.6 mi o menos; posible ahorro 0.6 mi. Revisar trafico, secuencia de entregas y desvio autorizado.",0.56
RPS 933-090 12 LR,0470009730,2026-09-29 14:03:10,2026-09-29 15:47:05,103.9,"Monte Park (Neighbourhood, residential, neighbourhood), San Juan, Puerto Rico, 00924","Residential, Yabucoa, Puerto Rico, 00767",18.39059,-66.016864,18.0994,-65.89936,36.61,21.55,1.7,Revisar,Recorrio 1.7x la distancia directa; supera el umbral eficiente de 1.35x.,"Para ser eficiente debe acercarse a 29.1 mi o menos; posible ahorro 7.5 mi. Revisar trafico, secuencia de entregas y desvio autorizado.",7.52
RPS 994-204 20 RR,0470009744,2026-09-29 14:08:10,2026-09-29 14:14:56,6.8,"Park Court (Neighbourhood, residential, neighbourhood), San Juan, Puerto Rico, 00926","Residential, San Juan, Puerto Rico, 00926",18.388268,-66.043916,18.379903,-66.02744,1.55,1.23,1.27,Eficiente,Recorrio 1.27x la distancia directa; esta dentro del umbral operacional de 1.35x.,Mantener patron actual; usar como referencia para rutas similares.,0
RPS 933-089 11 EO,0470009731,2026-09-29 14:11:01,2026-09-29 14:41:50,30.8,"Track, Vega Baja, Puerto Rico, 00693","Carretera 670 (Tertiary, PR-670), Manati, Puerto Rico, 00693",18.401725,-66.414536,18.424375,-66.47557,10.12,4.3,2.36,Ineficiente,Recorrio 2.36x la distancia directa; la ruta fue mucho mas larga que el trayecto esperado.,Alternativa: reordenar paradas y comparar contra Google Routes antes del despacho. Para pasar a eficiente: 5.8 mi o menos; ahorro estimado 4.3 mi.,4.32
RPS 994-209 19 MD,0470009727,2026-09-29 14:11:41,2026-09-29 14:27:57,16.3,"Residential, Hatillo, Puerto Rico, 00659","Calle D (Residential), Hatillo, Puerto Rico, 00659",18.436128,-66.785235,18.480953,-66.790958,3.76,3.12,1.2,Eficiente,Recorrio 1.2x la distancia directa; esta dentro del umbral operacional de 1.35x.,Mantener patron actual; usar como referencia para rutas similares.,0
RPS 933-091 13 ME,0470009728,2026-09-29 14:22:38,2026-09-29 14:34:43,12.1,"PR-867 (Tertiary), Sabana Seca, Puerto Rico, 00952","Calle Pomarrosa (Residential), Toa Baja, Puerto Rico, 00949",18.430966,-66.188628,18.418373,-66.213956,2.7,1.87,1.44,Revisar,Recorrio 1.44x la distancia directa; supera el umbral eficiente de 1.35x.,"Para ser eficiente debe acercarse a 2.5 mi o menos; posible ahorro 0.2 mi. Revisar trafico, secuencia de entregas y desvio autorizado.",0.17
RPS 994-204 20 RR,0470009744,2026-09-29 14:23:04,2026-09-29 15:20:54,57.8,"Residential, San Juan, Puerto Rico, 00926","Residential, Manati, Puerto Rico, 00674",18.379903,-66.027436,18.424733,-66.47544,36.09,29.53,1.22,Eficiente,Recorrio 1.22x la distancia directa; esta dentro del umbral operacional de 1.35x.,Mantener patron actual; usar como referencia para rutas similares.,0
RPS 994-209 19 MD,0470009727,2026-09-29 14:40:10,2026-09-29 15:13:15,33.1,"Calle D (Residential), Hatillo, Puerto Rico, 00659","Residential, Manati, Puerto Rico, 00674",18.480953,-66.790958,18.424758,-66.47542,25.17,21.04,1.2,Eficiente,Recorrio 1.2x la distancia directa; esta dentro del umbral operacional de 1.35x.,Mantener patron actual; usar como referencia para rutas similares.,0
RPS 933-091 13 ME,0470009728,2026-09-29 14:44:23,2026-09-29 15:07:11,22.8,"Calle Pomarrosa (Residential), Toa Baja, Puerto Rico, 00949","El Dorado (Residential, residential), Dorado, Puerto Rico, 00646",18.418373,-66.213956,18.461305,-66.265204,6.43,4.48,1.43,Revisar,Recorrio 1.43x la distancia directa; supera el umbral eficiente de 1.35x.,"Para ser eficiente debe acercarse a 6.0 mi o menos; posible ahorro 0.4 mi. Revisar trafico, secuencia de entregas y desvio autorizado.",0.38
RPS 996-332 21 EP,0470009726,2026-09-29 14:47:43,2026-09-29 14:58:37,10.9,"Service, Manati, Puerto Rico, 00674","Residential, Manati, Puerto Rico, 00674",18.444953,-66.45717,18.424763,-66.47543,3.02,1.84,1.64,Revisar,Recorrio 1.64x la distancia directa; supera el umbral eficiente de 1.35x.,"Para ser eficiente debe acercarse a 2.5 mi o menos; posible ahorro 0.5 mi. Revisar trafico, secuencia de entregas y desvio autorizado.",0.54
RPS 933-089 11 EO,0470009731,2026-09-29 14:50:14,2026-09-29 14:59:31,9.3,"Carretera 670 (Tertiary, PR-670), Manati, Puerto Rico, 00693","Carretera 670 (Tertiary, PR-670), Manati, Puerto Rico, 00693",18.424375,-66.47557,18.424396,-66.475551,0.3,0.0,,Sin distancia suficiente,La salida y llegada estan demasiado cerca o falta odometro para evaluar eficiencia.,Validar GPS/odometro; esta ruta no tiene distancia suficiente para comparacion operacional.,0
RPS 996-332 21 EP,0470009726,2026-09-29 15:08:21,2026-09-29 15:13:34,5.2,"Residential, Manati, Puerto Rico, 00674","Residential, Manati, Puerto Rico, 00674",18.424763,-66.47543,18.424473,-66.475454,0.05,0.02,,Sin distancia suficiente,La salida y llegada estan demasiado cerca o falta odometro para evaluar eficiencia.,Validar GPS/odometro; esta ruta no tiene distancia suficiente para comparacion operacional.,0
RPS 994-209 19 MD,0470009727,2026-09-29 15:19:32,2026-09-29 15:27:54,8.4,"Residential, Manati, Puerto Rico, 00674","Carretera 670 (Tertiary, PR-670), Manati, Puerto Rico, 00693",18.424758,-66.47542,18.42442,-66.475508,0.05,0.02,,Sin distancia suficiente,La salida y llegada estan demasiado cerca o falta odometro para evaluar eficiencia.,Validar GPS/odometro; esta ruta no tiene distancia suficiente para comparacion operacional.,0
RPS 994-204 20 RR,0470009744,2026-09-29 15:27:02,2026-09-29 15:28:50,1.8,"Residential, Manati, Puerto Rico, 00674","Residential, Manati, Puerto Rico, 00674",18.424733,-66.47544,18.424445,-66.475506,0.06,0.02,,Sin distancia suficiente,La salida y llegada estan demasiado cerca o falta odometro para evaluar eficiencia.,Validar GPS/odometro; esta ruta no tiene distancia suficiente para comparacion operacional.,0
RPS 1038729 - LV,866846053691563,2026-09-29 15:28:19,2026-09-29 15:58:42,30.4,"Calle 2 (Residential), Gurabo, Puerto Rico, 00778","Urbanización La Cumbre (Neighbourhood, residential, neighbourhood), San Juan, Puerto Rico, 00926",18.2318083,-66.0009716,18.3592233,-66.076595,0.01,10.11,0.0,Eficiente,Recorrio 0.0x la distancia directa; esta dentro del umbral operacional de 1.35x.,Mantener patron actual; usar como referencia para rutas similares.,0
RPS 933-091 13 ME,0470009728,2026-09-29 15:28:56,2026-09-29 16:12:06,43.2,"El Dorado (Residential, residential), Dorado, Puerto Rico, 00646","Plaza Monte Real (Retail, retail), Manati, Puerto Rico, 00674",18.461305,-66.265204,18.439771,-66.456905,17.2,12.65,1.36,Revisar,Recorrio 1.36x la distancia directa; supera el umbral eficiente de 1.35x.,"Para ser eficiente debe acercarse a 17.1 mi o menos; posible ahorro 0.1 mi. Revisar trafico, secuencia de entregas y desvio autorizado.",0.12
RPS 933-091 13 ME,0470009728,2026-09-29 16:33:35,2026-09-29 16:54:12,20.6,"Plaza Monte Real (Retail, retail), Manati, Puerto Rico, 00674","Residential, Manati, Puerto Rico, 00674",18.439771,-66.456905,18.41861,-66.462013,1.99,1.5,1.33,Eficiente,Recorrio 1.33x la distancia directa; esta dentro del umbral operacional de 1.35x.,Mantener patron actual; usar como referencia para rutas similares.,0
RPS 1038729 - LV,866846053691563,2026-09-29 16:54:43,2026-09-29 18:02:07,67.4,"Urbanización La Cumbre (Neighbourhood, residential, neighbourhood), San Juan, Puerto Rico, 00926","Residential, Vega Baja, Puerto Rico, 00693",18.3592233,-66.076595,18.4827166,-66.4287216,0.02,24.61,0.0,Eficiente,Recorrio 0.0x la distancia directa; esta dentro del umbral operacional de 1.35x.,Mantener patron actual; usar como referencia para rutas similares.,0
RPS 933-089 11 EO,0470009731,2026-09-29 17:06:26,2026-09-29 17:36:43,30.3,"Carretera 670 (Tertiary, PR-670), Manati, Puerto Rico, 00693","Residential, Vega Baja, Puerto Rico, 00693",18.424395,-66.475551,18.482723,-66.428685,7.01,5.07,1.38,Revisar,Recorrio 1.38x la distancia directa; supera el umbral eficiente de 1.35x.,"Para ser eficiente debe acercarse a 6.8 mi o menos; posible ahorro 0.2 mi. Revisar trafico, secuencia de entregas y desvio autorizado.",0.17
RPS 933-089 11 EO,0470009731,2026-09-29 18:24:53,2026-09-29 18:47:46,22.9,"Residential, Vega Baja, Puerto Rico, 00693","Carretera 670 (Tertiary, PR-670), Manati, Puerto Rico, 00693",18.482723,-66.428685,18.42439,-66.475539,7.0,5.07,1.38,Revisar,Recorrio 1.38x la distancia directa; supera el umbral eficiente de 1.35x.,"Para ser eficiente debe acercarse a 6.8 mi o menos; posible ahorro 0.2 mi. Revisar trafico, secuencia de entregas y desvio autorizado.",0.16
RPS 933-090 12 LR,0470009730,2026-09-30 04:44:39,2026-09-30 06:14:34,89.9,"Residential, Yabucoa, Puerto Rico, 00767","Carretera 670 (Tertiary, PR-670), Manati, Puerto Rico, 00693",18.099395,-65.899367,18.424353,-66.475581,64.43,43.97,1.47,Revisar,Recorrio 1.47x la distancia directa; supera el umbral eficiente de 1.35x.,"Para ser eficiente debe acercarse a 59.4 mi o menos; posible ahorro 5.1 mi. Revisar trafico, secuencia de entregas y desvio autorizado.",5.07
RPS 1038729 - LV,866846053691563,2026-09-30 05:44:49,2026-09-30 06:58:25,73.6,"Residential, Vega Baja, Puerto Rico, 00693","Centro Médico de Puerto Rico (Hospital), San Juan, Puerto Rico, 00927",18.4827166,-66.4287216,18.3989733,-66.0736883,0.02,23.98,0.0,Eficiente,Recorrio 0.0x la distancia directa; esta dentro del umbral operacional de 1.35x.,Mantener patron actual; usar como referencia para rutas similares.,0
RPS 933-090 12 LR,0470009730,2026-09-30 06:29:49,2026-09-30 06:30:59,1.2,"Carretera 670 (Tertiary, PR-670), Manati, Puerto Rico, 00693","Residential, Manati, Puerto Rico, 00674",18.424353,-66.475581,18.424711,-66.47552,0.04,0.03,,Sin distancia suficiente,La salida y llegada estan demasiado cerca o falta odometro para evaluar eficiencia.,Validar GPS/odometro; esta ruta no tiene distancia suficiente para comparacion operacional.,0
RPS 1035617 - DV,866846053686225,2026-09-30 06:53:04,2026-09-30 07:07:08,14.1,"Carretera Principal Charcas (Tertiary, PR-437), Quebradillas, Puerto Rico, 00678","Total (Convenience), Carretera Militar, Camuy, Puerto Rico, 00627",18.4119533,-66.931605,18.4647616,-66.8874216,0,4.66,,Sin distancia suficiente,La salida y llegada estan demasiado cerca o falta odometro para evaluar eficiencia.,Validar GPS/odometro; esta ruta no tiene distancia suficiente para comparacion operacional.,0
RPS 994-204 20 RR,0470009744,2026-09-30 06:59:39,2026-09-30 07:45:57,46.3,"Residential, Manati, Puerto Rico, 00674","Carretera José Julián Grana Rodríguez (Secondary, PR-159), Corozal, PR:Morovis, PR, 00783, Puerto Rico",18.424443,-66.475506,18.331353,-66.36157,17.14,9.86,1.74,Revisar,Recorrio 1.74x la distancia directa; supera el umbral eficiente de 1.35x.,"Para ser eficiente debe acercarse a 13.3 mi o menos; posible ahorro 3.8 mi. Revisar trafico, secuencia de entregas y desvio autorizado.",3.83
RPS 996-332 21 EP,0470009726,2026-09-30 07:06:55,2026-09-30 07:11:46,4.8,"Residential, Manati, Puerto Rico, 00674","Residential, Manati, Puerto Rico, 00674",18.424473,-66.475454,18.424686,-66.475461,0.03,0.01,,Sin distancia suficiente,La salida y llegada estan demasiado cerca o falta odometro para evaluar eficiencia.,Validar GPS/odometro; esta ruta no tiene distancia suficiente para comparacion operacional.,0
RPS-985-742-18 ER,0470009732,2026-09-30 07:07:25,2026-09-30 07:22:36,15.2,"Residential, Manati, Puerto Rico, 00674","Calle Los Pinos (Residential), Manati, Puerto Rico, 00674",18.424477,-66.475437,18.430393,-66.442906,2.29,2.17,1.05,Eficiente,Recorrio 1.05x la distancia directa; esta dentro del umbral operacional de 1.35x.,Mantener patron actual; usar como referencia para rutas similares.,0
RPS 1035617 - DV,866846053686225,2026-09-30 07:08:49,2026-09-30 07:08:59,0.2,"Total (Convenience), Carretera Militar, Camuy, Puerto Rico, 00627","Total (Convenience), Carretera Militar, Camuy, Puerto Rico, 00627",18.4647616,-66.8874216,18.46481,-66.8873816,0,0.0,,Sin distancia suficiente,La salida y llegada estan demasiado cerca o falta odometro para evaluar eficiencia.,Validar GPS/odometro; esta ruta no tiene distancia suficiente para comparacion operacional.,0
RPS 1035617 - DV,866846053686225,2026-09-30 07:11:35,2026-09-30 08:00:40,49.1,"Total (Convenience), Carretera Militar, Camuy, Puerto Rico, 00627","Residential, Manati, Puerto Rico, 00674",18.46481,-66.8873816,18.4247233,-66.4754666,0,27.14,,Sin distancia suficiente,La salida y llegada estan demasiado cerca o falta odometro para evaluar eficiencia.,Validar GPS/odometro; esta ruta no tiene distancia suficiente para comparacion operacional.,0
RPS 994-209 19 MD,0470009727,2026-09-30 07:13:35,2026-09-30 07:15:54,2.3,"Carretera 670 (Tertiary, PR-670), Manati, Puerto Rico, 00693","Residential, Manati, Puerto Rico, 00674",18.424419,-66.475508,18.424696,-66.475468,0.03,0.02,,Sin distancia suficiente,La salida y llegada estan demasiado cerca o falta odometro para evaluar eficiencia.,Validar GPS/odometro; esta ruta no tiene distancia suficiente para comparacion operacional.,0
RPS 996-332 21 EP,0470009726,2026-09-30 07:14:50,2026-09-30 08:29:29,74.7,"Residential, Manati, Puerto Rico, 00674","Calle Argel (Residential), San Juan, Puerto Rico, 00920",18.424686,-66.475461,18.40743,-66.077895,29.45,26.09,1.13,Eficiente,Recorrio 1.13x la distancia directa; esta dentro del umbral operacional de 1.35x.,Mantener patron actual; usar como referencia para rutas similares.,0
RPS 994-209 19 MD,0470009727,2026-09-30 07:19:08,2026-09-30 07:58:09,39.0,"Residential, Manati, Puerto Rico, 00674","Calle 1 (Residential), Vega Baja, Puerto Rico, 00693",18.424696,-66.475468,18.437233,-66.359513,10.46,7.65,1.37,Revisar,Recorrio 1.37x la distancia directa; supera el umbral eficiente de 1.35x.,"Para ser eficiente debe acercarse a 10.3 mi o menos; posible ahorro 0.1 mi. Revisar trafico, secuencia de entregas y desvio autorizado.",0.13
RPS IRK-578 17 AM,0470009725,2026-09-30 07:30:30,2026-09-30 07:49:57,19.4,"Carretera 670 (Tertiary, PR-670), Manati, Puerto Rico, 00693","Roof, Carretera Militar, Manatí, Puerto Rico, 00674",18.424353,-66.475528,18.432085,-66.476986,1.63,0.54,3.01,Ineficiente,Recorrio 3.01x la distancia directa; la ruta fue mucho mas larga que el trayecto esperado.,Alternativa: reordenar paradas y comparar contra Google Routes antes del despacho. Para pasar a eficiente: 0.7 mi o menos; ahorro estimado 0.9 mi.,0.9
RPS-985-742-18 ER,0470009732,2026-09-30 07:49:32,2026-09-30 08:24:39,35.1,"Calle Los Pinos (Residential), Manati, Puerto Rico, 00674","Residential, Arecibo, Puerto Rico, 00652",18.430393,-66.442906,18.459251,-66.581828,20.06,9.32,2.15,Ineficiente,Recorrio 2.15x la distancia directa; la ruta fue mucho mas larga que el trayecto esperado.,Alternativa: reordenar paradas y comparar contra Google Routes antes del despacho. Para pasar a eficiente: 12.6 mi o menos; ahorro estimado 7.5 mi.,7.48
RPS 994-204 20 RR,0470009744,2026-09-30 07:52:00,2026-09-30 08:15:01,23.0,"Carretera José Julián Grana Rodríguez (Secondary, PR-159), Corozal, PR:Morovis, PR, 00783, Puerto Rico","Calle 1 (Residential), Corozal, Puerto Rico, 00783",18.331355,-66.361568,18.345423,-66.308505,5.4,3.61,1.49,Revisar,Recorrio 1.49x la distancia directa; supera el umbral eficiente de 1.35x.,"Para ser eficiente debe acercarse a 4.9 mi o menos; posible ahorro 0.5 mi. Revisar trafico, secuencia de entregas y desvio autorizado.",0.52
RPS IRK-578 17 AM,0470009725,2026-09-30 07:54:12,2026-09-30 09:19:40,85.5,"Roof, Carretera Militar, Manatí, Puerto Rico, 00674","Residential, Toa Alta, Puerto Rico, 00953",18.432085,-66.476986,18.352543,-66.229331,22.85,17.14,1.33,Eficiente,Recorrio 1.33x la distancia directa; esta dentro del umbral operacional de 1.35x.,Mantener patron actual; usar como referencia para rutas similares.,0
RPS 994-209 19 MD,0470009727,2026-09-30 08:09:59,2026-09-30 08:41:44,31.8,"Calle 1 (Residential), Vega Baja, Puerto Rico, 00693","Calle 7 (Residential), Toa Alta, Puerto Rico, 00953",18.437233,-66.359513,18.389621,-66.25252,9.69,7.75,1.25,Eficiente,Recorrio 1.25x la distancia directa; esta dentro del umbral operacional de 1.35x.,Mantener patron actual; usar como referencia para rutas similares.,0
RPS 994-204 20 RR,0470009744,2026-09-30 08:23:36,2026-09-30 08:31:16,7.7,"Calle 1 (Residential), Corozal, Puerto Rico, 00783","Service, Corozal, Puerto Rico, 00783",18.345423,-66.308505,18.345578,-66.316036,1.49,0.49,3.02,Ineficiente,Recorrio 3.02x la distancia directa; la ruta fue mucho mas larga que el trayecto esperado.,Alternativa: reordenar paradas y comparar contra Google Routes antes del despacho. Para pasar a eficiente: 0.7 mi o menos; ahorro estimado 0.8 mi.,0.83
RPS-985-742-18 ER,0470009732,2026-09-30 08:33:49,2026-09-30 09:42:05,68.3,"Residential, Arecibo, Puerto Rico, 00652","Calle Morel (Residential), Camuy, Puerto Rico, 00627",18.459251,-66.581828,18.45519,-66.843945,26.75,17.18,1.56,Revisar,Recorrio 1.56x la distancia directa; supera el umbral eficiente de 1.35x.,"Para ser eficiente debe acercarse a 23.2 mi o menos; posible ahorro 3.6 mi. Revisar trafico, secuencia de entregas y desvio autorizado.",3.56
RPS 994-204 20 RR,0470009744,2026-09-30 08:36:17,2026-09-30 08:56:17,20.0,"Service, Corozal, Puerto Rico, 00783","Calle 10 (Residential), Corozal, Puerto Rico, 00783",18.345578,-66.316036,18.329781,-66.295064,2.28,1.76,1.3,Eficiente,Recorrio 1.3x la distancia directa; esta dentro del umbral operacional de 1.35x.,Mantener patron actual; usar como referencia para rutas similares.,0
RPS 933-090 12 LR,0470009730,2026-09-30 08:43:55,2026-09-30 08:56:59,13.1,"Residential, Manati, Puerto Rico, 00674","Residential, Manati, Puerto Rico, 00674",18.424711,-66.475518,18.432267,-66.476877,1.54,0.53,2.92,Ineficiente,Recorrio 2.92x la distancia directa; la ruta fue mucho mas larga que el trayecto esperado.,Alternativa: reordenar paradas y comparar contra Google Routes antes del despacho. Para pasar a eficiente: 0.7 mi o menos; ahorro estimado 0.8 mi.,0.83
RPS 996-332 21 EP,0470009726,2026-09-30 08:50:56,2026-09-30 09:17:05,26.1,"Calle Argel (Residential), San Juan, Puerto Rico, 00920","Urbanización Dos Pinos (Neighbourhood, residential, neighbourhood), San Juan, Puerto Rico, 00923",18.40743,-66.077895,18.404156,-66.039286,3.48,2.54,1.37,Revisar,Recorrio 1.37x la distancia directa; supera el umbral eficiente de 1.35x.,"Para ser eficiente debe acercarse a 3.4 mi o menos; posible ahorro 0.0 mi. Revisar trafico, secuencia de entregas y desvio autorizado.",0.05
RPS 933-089 11 EO,0470009731,2026-09-30 08:51:14,2026-09-30 08:59:38,8.4,"Carretera 670 (Tertiary, PR-670), Manati, Puerto Rico, 00693","Carretera Militar (Secondary, PR-2), Manati, Puerto Rico, 00674",18.42439,-66.475538,18.436358,-66.462906,1.53,1.17,1.31,Eficiente,Recorrio 1.31x la distancia directa; esta dentro del umbral operacional de 1.35x.,Mantener patron actual; usar como referencia para rutas similares.,0
RPS 933-090 12 LR,0470009730,2026-09-30 09:02:35,2026-09-30 12:01:02,178.4,"Residential, Manati, Puerto Rico, 00674","Calle 6 (Residential), Juana Diaz, Puerto Rico, 00795",18.432272,-66.476873,17.974688,-66.538586,61.35,31.87,1.92,Ineficiente,Recorrio 1.92x la distancia directa; la ruta fue mucho mas larga que el trayecto esperado.,Alternativa: reordenar paradas y comparar contra Google Routes antes del despacho. Para pasar a eficiente: 43.0 mi o menos; ahorro estimado 18.3 mi.,18.32
RPS 994-204 20 RR,0470009744,2026-09-30 09:03:18,2026-09-30 10:00:24,57.1,"Calle 10 (Residential), Corozal, Puerto Rico, 00783","Calle Bambú (Residential), Comerio, Puerto Rico, 00782",18.329796,-66.295075,18.233675,-66.259,17.63,7.05,2.5,Ineficiente,Recorrio 2.5x la distancia directa; la ruta fue mucho mas larga que el trayecto esperado.,Alternativa: reordenar paradas y comparar contra Google Routes antes del despacho. Para pasar a eficiente: 9.5 mi o menos; ahorro estimado 8.1 mi.,8.11
RPS 933-089 11 EO,0470009731,2026-09-30 09:04:37,2026-09-30 09:48:48,44.2,"Carretera Militar (Secondary, PR-2), Manati, Puerto Rico, 00674","House, Calle Hernández, San Juan, Puerto Rico, 00907",18.436358,-66.462906,18.45059,-66.082548,29.83,24.95,1.2,Eficiente,Recorrio 1.2x la distancia directa; esta dentro del umbral operacional de 1.35x.,Mantener patron actual; usar como referencia para rutas similares.,0
RPS 994-209 19 MD,0470009727,2026-09-30 09:09:28,2026-09-30 09:17:15,7.8,"Calle 7 (Residential), Toa Alta, Puerto Rico, 00953","Jardines de San Fernando (Neighbourhood, residential, neighbourhood), Toa Alta, Puerto Rico, 00953",18.389621,-66.252518,18.386086,-66.253598,0.81,0.25,3.2,Ineficiente,Recorrio 3.2x la distancia directa; la ruta fue mucho mas larga que el trayecto esperado.,Alternativa: reordenar paradas y comparar contra Google Routes antes del despacho. Para pasar a eficiente: 0.3 mi o menos; ahorro estimado 0.5 mi.,0.47
RPS 1035617 - DV,866846053686225,2026-09-30 09:13:15,2026-09-30 09:59:22,46.1,"Residential, Manati, Puerto Rico, 00674","Calle San Ciprián (Residential), San Juan, Puerto Rico, 00915",18.4247349,-66.4753916,18.4330933,-66.0511816,0,27.81,,Sin distancia suficiente,La salida y llegada estan demasiado cerca o falta odometro para evaluar eficiencia.,Validar GPS/odometro; esta ruta no tiene distancia suficiente para comparacion operacional.,0
RPS 994-209 19 MD,0470009727,2026-09-30 09:21:49,2026-09-30 09:40:50,19.0,"Jardines de San Fernando (Neighbourhood, residential, neighbourhood), Toa Alta, Puerto Rico, 00953","Calle 8 (Residential), Toa Alta, Puerto Rico, 00953",18.386086,-66.253598,18.364243,-66.258671,2.96,1.55,1.92,Ineficiente,Recorrio 1.92x la distancia directa; la ruta fue mucho mas larga que el trayecto esperado.,Alternativa: reordenar paradas y comparar contra Google Routes antes del despacho. Para pasar a eficiente: 2.1 mi o menos; ahorro estimado 0.9 mi.,0.88
RPS 996-332 21 EP,0470009726,2026-09-30 09:25:36,2026-09-30 09:44:51,19.2,"Urbanización Dos Pinos (Neighbourhood, residential, neighbourhood), San Juan, Puerto Rico, 00923","Calle A (Residential), San Juan, Puerto Rico, 00923",18.404156,-66.039286,18.420581,-66.041336,3.97,1.14,3.47,Ineficiente,Recorrio 3.47x la distancia directa; la ruta fue mucho mas larga que el trayecto esperado.,Alternativa: reordenar paradas y comparar contra Google Routes antes del despacho. Para pasar a eficiente: 1.5 mi o menos; ahorro estimado 2.4 mi.,2.43
RPS IRK-578 17 AM,0470009725,2026-09-30 09:26:50,2026-09-30 10:18:36,51.8,"Residential, Toa Alta, Puerto Rico, 00953","Camino del Río (Residential), Toa Alta, Puerto Rico, 00953",18.352543,-66.229331,18.353861,-66.212716,2.03,1.09,1.86,Ineficiente,Recorrio 1.86x la distancia directa; la ruta fue mucho mas larga que el trayecto esperado.,Alternativa: reordenar paradas y comparar contra Google Routes antes del despacho. Para pasar a eficiente: 1.5 mi o menos; ahorro estimado 0.6 mi.,0.56
RPS 1038729 - LV,866846053691563,2026-09-30 09:39:39,2026-09-30 09:56:55,17.3,"Centro Médico de Puerto Rico (Hospital), San Juan, Puerto Rico, 00927","Calle Progreso (Residential), San Juan, Puerto Rico, 00907",18.3991316,-66.0736583,18.445845,-66.0760883,0.0,3.23,0.0,Eficiente,Recorrio 0.0x la distancia directa; esta dentro del umbral operacional de 1.35x.,Mantener patron actual; usar como referencia para rutas similares.,0
RPS 996-332 21 EP,0470009726,2026-09-30 09:51:10,2026-09-30 10:13:38,22.5,"Calle A (Residential), San Juan, Puerto Rico, 00923","El Polvorín (Neighbourhood, residential, neighbourhood), San Juan, Puerto Rico, 00924",18.420581,-66.041336,18.399831,-66.00624,5.15,2.71,1.9,Ineficiente,Recorrio 1.9x la distancia directa; la ruta fue mucho mas larga que el trayecto esperado.,Alternativa: reordenar paradas y comparar contra Google Routes antes del despacho. Para pasar a eficiente: 3.7 mi o menos; ahorro estimado 1.5 mi.,1.49
RPS-985-742-18 ER,0470009732,2026-09-30 09:54:42,2026-09-30 10:06:42,12.0,"Calle Morel (Residential), Camuy, Puerto Rico, 00627","Residential, Camuy, Puerto Rico, 00627",18.45519,-66.843945,18.440281,-66.86126,2.14,1.53,1.4,Revisar,Recorrio 1.4x la distancia directa; supera el umbral eficiente de 1.35x.,"Para ser eficiente debe acercarse a 2.1 mi o menos; posible ahorro 0.1 mi. Revisar trafico, secuencia de entregas y desvio autorizado.",0.07
RPS 994-209 19 MD,0470009727,2026-09-30 09:55:20,2026-09-30 10:16:53,21.6,"Calle 8 (Residential), Toa Alta, Puerto Rico, 00953","Calle 10 (Residential), Toa Alta, Puerto Rico, 00953",18.364245,-66.258677,18.370424,-66.213868,4.56,2.97,1.53,Revisar,Recorrio 1.53x la distancia directa; supera el umbral eficiente de 1.35x.,"Para ser eficiente debe acercarse a 4.0 mi o menos; posible ahorro 0.5 mi. Revisar trafico, secuencia de entregas y desvio autorizado.",0.55
RPS 994-204 20 RR,0470009744,2026-09-30 10:07:22,2026-09-30 10:21:09,13.8,"Calle Bambú (Residential), Comerio, Puerto Rico, 00782","PR-779 (Secondary), Comerio, Puerto Rico, 00782",18.233692,-66.259014,18.231638,-66.2519,0.61,0.49,1.25,Eficiente,Recorrio 1.25x la distancia directa; esta dentro del umbral operacional de 1.35x.,Mantener patron actual; usar como referencia para rutas similares.,0
RPS 933-089 11 EO,0470009731,2026-09-30 10:08:11,2026-09-30 10:32:15,24.1,"House, Calle Hernández, San Juan, Puerto Rico, 00907","Calle Elma (Residential), San Juan, Puerto Rico, 00920",18.450591,-66.082542,18.402736,-66.094809,6.29,3.4,1.85,Ineficiente,Recorrio 1.85x la distancia directa; la ruta fue mucho mas larga que el trayecto esperado.,Alternativa: reordenar paradas y comparar contra Google Routes antes del despacho. Para pasar a eficiente: 4.6 mi o menos; ahorro estimado 1.7 mi.,1.69
RPS 1035617 - DV,866846053686225,2026-09-30 10:11:16,2026-09-30 10:30:27,19.2,"Calle San Ciprián (Residential), San Juan, Puerto Rico, 00915","Chateau San Juan (Residential, residential), San Juan, Puerto Rico, 00918",18.4331283,-66.0511516,18.4290916,-66.0679899,0,1.14,,Sin distancia suficiente,La salida y llegada estan demasiado cerca o falta odometro para evaluar eficiencia.,Validar GPS/odometro; esta ruta no tiene distancia suficiente para comparacion operacional.,0
RPS-985-742-18 ER,0470009732,2026-09-30 10:19:30,2026-09-30 10:39:01,19.5,"Residential, Camuy, Puerto Rico, 00627","Calle Nicolás Dolores Forte (Residential), Camuy, Puerto Rico, 00627",18.440281,-66.86126,18.479121,-66.862271,4.61,2.68,1.72,Revisar,Recorrio 1.72x la distancia directa; supera el umbral eficiente de 1.35x.,"Para ser eficiente debe acercarse a 3.6 mi o menos; posible ahorro 1.0 mi. Revisar trafico, secuencia de entregas y desvio autorizado.",0.99
RPS 996-332 21 EP,0470009726,2026-09-30 10:20:31,2026-09-30 10:33:52,13.3,"El Polvorín (Neighbourhood, residential, neighbourhood), San Juan, Puerto Rico, 00924","Calle 4 (Residential), San Juan, Puerto Rico, 00924",18.399833,-66.00624,18.39392,-66.014745,1.89,0.69,2.73,Ineficiente,Recorrio 2.73x la distancia directa; la ruta fue mucho mas larga que el trayecto esperado.,Alternativa: reordenar paradas y comparar contra Google Routes antes del despacho. Para pasar a eficiente: 0.9 mi o menos; ahorro estimado 1.0 mi.,0.95
RPS 994-209 19 MD,0470009727,2026-09-30 10:27:17,2026-09-30 10:53:38,26.4,"Calle 10 (Residential), Toa Alta, Puerto Rico, 00953","Calle 14 (Residential), Bayamon, Puerto Rico, 00957",18.370424,-66.213869,18.347101,-66.199808,6.69,1.86,3.6,Ineficiente,Recorrio 3.6x la distancia directa; la ruta fue mucho mas larga que el trayecto esperado.,Alternativa: reordenar paradas y comparar contra Google Routes antes del despacho. Para pasar a eficiente: 2.5 mi o menos; ahorro estimado 4.2 mi.,4.19
RPS 994-204 20 RR,0470009744,2026-09-30 10:30:25,2026-09-30 10:57:59,27.6,"PR-779 (Secondary), Comerio, Puerto Rico, 00782","Carretera Barranquitas - Comerío (Secondary, PR-156), Comerio, Puerto Rico, 00782",18.231638,-66.2519,18.210028,-66.2394,6.35,1.7,3.73,Ineficiente,Recorrio 3.73x la distancia directa; la ruta fue mucho mas larga que el trayecto esperado.,Alternativa: reordenar paradas y comparar contra Google Routes antes del despacho. Para pasar a eficiente: 2.3 mi o menos; ahorro estimado 4.1 mi.,4.05
RPS 933-089 11 EO,0470009731,2026-09-30 10:32:38,2026-09-30 10:33:28,0.8,"Calle Elma (Residential), San Juan, Puerto Rico, 00920","Calle Elma (Residential), San Juan, Puerto Rico, 00920",18.402737,-66.094807,18.402718,-66.094883,0.02,0.01,,Sin distancia suficiente,La salida y llegada estan demasiado cerca o falta odometro para evaluar eficiencia.,Validar GPS/odometro; esta ruta no tiene distancia suficiente para comparacion operacional.,0
RPS IRK-578 17 AM,0470009725,2026-09-30 10:38:36,2026-09-30 10:52:50,14.2,"Camino del Río (Residential), Toa Alta, Puerto Rico, 00953","Urbanización Santa Elena (Neighbourhood, residential, neighbourhood), Bayamon, Puerto Rico, 00957",18.353861,-66.212718,18.384416,-66.192368,4.09,2.5,1.64,Revisar,Recorrio 1.64x la distancia directa; supera el umbral eficiente de 1.35x.,"Para ser eficiente debe acercarse a 3.4 mi o menos; posible ahorro 0.7 mi. Revisar trafico, secuencia de entregas y desvio autorizado.",0.72
RPS 1038729 - LV,866846053691563,2026-09-30 10:57:25,2026-09-30 11:29:10,31.8,"Calle Progreso (Residential), San Juan, Puerto Rico, 00907","33-1A Calle 35, Calle 35, Bayamon, Puerto Rico, 00961",18.445845,-66.0760883,18.4035616,-66.1711483,0.01,6.88,0.0,Eficiente,Recorrio 0.0x la distancia directa; esta dentro del umbral operacional de 1.35x.,Mantener patron actual; usar como referencia para rutas similares.,0
RPS 933-089 11 EO,0470009731,2026-09-30 10:57:29,2026-09-30 11:17:12,19.7,"Calle Elma (Residential), San Juan, Puerto Rico, 00920","Sector León (Residential), Guaynabo, Puerto Rico, 00971",18.402718,-66.094883,18.333596,-66.10583,6.08,4.83,1.26,Eficiente,Recorrio 1.26x la distancia directa; esta dentro del umbral operacional de 1.35x.,Mantener patron actual; usar como referencia para rutas similares.,0
RPS 1035617 - DV,866846053686225,2026-09-30 11:03:48,2026-09-30 11:34:19,30.5,"Chateau San Juan (Residential, residential), San Juan, Puerto Rico, 00918","Vía Playera (Residential), Toa Baja, Puerto Rico, 00949",18.4290916,-66.0679899,18.460185,-66.1945199,0,8.57,,Sin distancia suficiente,La salida y llegada estan demasiado cerca o falta odometro para evaluar eficiencia.,Validar GPS/odometro; esta ruta no tiene distancia suficiente para comparacion operacional.,0
RPS 994-209 19 MD,0470009727,2026-09-30 11:06:02,2026-09-30 11:25:23,19.4,"Calle 14 (Residential), Bayamon, Puerto Rico, 00957","Calle Orquídea (Residential), Bayamon, Puerto Rico, 00956",18.347101,-66.199808,18.32286,-66.160856,4.95,3.05,1.62,Revisar,Recorrio 1.62x la distancia directa; supera el umbral eficiente de 1.35x.,"Para ser eficiente debe acercarse a 4.1 mi o menos; posible ahorro 0.8 mi. Revisar trafico, secuencia de entregas y desvio autorizado.",0.83
RPS 994-204 20 RR,0470009744,2026-09-30 11:06:45,2026-09-30 11:48:18,41.5,"Carretera Barranquitas - Comerío (Secondary, PR-156), Comerio, Puerto Rico, 00782","Residential, Naranjito, Puerto Rico, 00719",18.210028,-66.239398,18.260761,-66.26263,11.44,3.82,2.99,Ineficiente,Recorrio 2.99x la distancia directa; la ruta fue mucho mas larga que el trayecto esperado.,Alternativa: reordenar paradas y comparar contra Google Routes antes del despacho. Para pasar a eficiente: 5.2 mi o menos; ahorro estimado 6.3 mi.,6.28
RPS-985-742-18 ER,0470009732,2026-09-30 11:13:36,2026-09-30 11:18:36,5.0,"Carretera Cocos (Tertiary, PR-484), Quebradillas, Puerto Rico, 00678","Residential, Quebradillas, Puerto Rico, 00678",18.459931,-66.906175,18.459003,-66.905038,0.15,0.1,,Sin distancia suficiente,La salida y llegada estan demasiado cerca o falta odometro para evaluar eficiencia.,Validar GPS/odometro; esta ruta no tiene distancia suficiente para comparacion operacional.,0
RPS 996-332 21 EP,0470009726,2026-09-30 11:20:46,2026-09-30 11:28:28,7.7,"Calle 4 (Residential), San Juan, Puerto Rico, 00924","Calle Paganini (Residential), San Juan, Puerto Rico, 00924",18.393926,-66.014741,18.39736,-66.019861,0.7,0.41,1.7,Revisar,Recorrio 1.7x la distancia directa; supera el umbral eficiente de 1.35x.,"Para ser eficiente debe acercarse a 0.6 mi o menos; posible ahorro 0.1 mi. Revisar trafico, secuencia de entregas y desvio autorizado.",0.14
RPS-985-742-18 ER,0470009732,2026-09-30 11:29:27,2026-09-30 11:57:21,27.9,"Residential, Quebradillas, Puerto Rico, 00678","Urbanización Santa Marina (Residential, residential), Quebradillas, Puerto Rico, 00678",18.459003,-66.905038,18.464363,-66.93352,3.16,1.9,1.66,Revisar,Recorrio 1.66x la distancia directa; supera el umbral eficiente de 1.35x.,"Para ser eficiente debe acercarse a 2.6 mi o menos; posible ahorro 0.6 mi. Revisar trafico, secuencia de entregas y desvio autorizado.",0.59
RPS 994-209 19 MD,0470009727,2026-09-30 11:38:48,2026-09-30 11:52:42,13.9,"Calle Orquídea (Residential), Bayamon, Puerto Rico, 00956","Calle 2 (Residential), Bayamon, Puerto Rico, 00956",18.32286,-66.160856,18.317152,-66.146518,2.36,1.02,2.32,Ineficiente,Recorrio 2.32x la distancia directa; la ruta fue mucho mas larga que el trayecto esperado.,Alternativa: reordenar paradas y comparar contra Google Routes antes del despacho. Para pasar a eficiente: 1.4 mi o menos; ahorro estimado 1.0 mi.,0.99
RPS 996-332 21 EP,0470009726,2026-09-30 11:41:07,2026-09-30 12:34:36,53.5,"Calle Paganini (Residential), San Juan, Puerto Rico, 00924","Urbanización Santiago Iglesias Pantín (Neighbourhood, residential, neighbourhood), San Juan, Puerto Rico, 00921",18.39736,-66.019861,18.384485,-66.097043,6.35,5.14,1.24,Eficiente,Recorrio 1.24x la distancia directa; esta dentro del umbral operacional de 1.35x.,Mantener patron actual; usar como referencia para rutas similares.,0
RPS 1035617 - DV,866846053686225,2026-09-30 11:50:25,2026-09-30 12:33:34,43.1,"Vía Playera (Residential), Toa Baja, Puerto Rico, 00949","Complejo Deportivo de Barceloneta (Sports_centre), Calle Complejo Deportivo, Barceloneta, Puerto Rico, 00617",18.460185,-66.1945199,18.4580516,-66.5397116,0,22.62,,Sin distancia suficiente,La salida y llegada estan demasiado cerca o falta odometro para evaluar eficiencia.,Validar GPS/odometro; esta ruta no tiene distancia suficiente para comparacion operacional.,0
RPS 994-204 20 RR,0470009744,2026-09-30 11:55:06,2026-09-30 12:21:16,26.2,"Residential, Naranjito, Puerto Rico, 00719","Calle La Cancha (Residential), Naranjito, Puerto Rico, 00719",18.260761,-66.26263,18.300118,-66.245511,5.44,2.94,1.85,Ineficiente,Recorrio 1.85x la distancia directa; la ruta fue mucho mas larga que el trayecto esperado.,Alternativa: reordenar paradas y comparar contra Google Routes antes del despacho. Para pasar a eficiente: 4.0 mi o menos; ahorro estimado 1.5 mi.,1.47
RPS 1038729 - LV,866846053691563,2026-09-30 12:01:13,2026-09-30 12:18:25,17.2,"33-1A Calle 35, Calle 35, Bayamon, Puerto Rico, 00961","Urbanización Santa Mónica (Neighbourhood, residential, neighbourhood), Bayamon, Puerto Rico, 00957",18.4035616,-66.1711483,18.3868683,-66.178645,0.0,1.25,0.0,Eficiente,Recorrio 0.0x la distancia directa; esta dentro del umbral operacional de 1.35x.,Mantener patron actual; usar como referencia para rutas similares.,0
RPS 994-209 19 MD,0470009727,2026-09-30 12:02:24,2026-09-30 12:27:09,24.8,"Calle 2 (Residential), Bayamon, Puerto Rico, 00956","Burger King (Fast_food), Bayamon, Puerto Rico, 00956",18.317151,-66.146517,18.379255,-66.152716,7.37,4.31,1.71,Revisar,Recorrio 1.71x la distancia directa; supera el umbral eficiente de 1.35x.,"Para ser eficiente debe acercarse a 5.8 mi o menos; posible ahorro 1.5 mi. Revisar trafico, secuencia de entregas y desvio autorizado.",1.55
RPS 933-089 11 EO,0470009731,2026-09-30 12:03:59,2026-09-30 12:19:42,15.7,"Sector León (Residential), Guaynabo, Puerto Rico, 00971","Plazoleta 169 (Retail, retail), Guaynabo, Puerto Rico, 00969",18.333596,-66.10583,18.363456,-66.110021,2.97,2.08,1.43,Revisar,Recorrio 1.43x la distancia directa; supera el umbral eficiente de 1.35x.,"Para ser eficiente debe acercarse a 2.8 mi o menos; posible ahorro 0.2 mi. Revisar trafico, secuencia de entregas y desvio autorizado.",0.16
RPS-985-742-18 ER,0470009732,2026-09-30 12:07:40,2026-09-30 12:41:54,34.2,"Urbanización Santa Marina (Residential, residential), Quebradillas, Puerto Rico, 00678","PR-4486 (Tertiary), Camuy, Puerto Rico, 00627",18.464363,-66.93352,18.383006,-66.870471,10.02,6.98,1.44,Revisar,Recorrio 1.44x la distancia directa; supera el umbral eficiente de 1.35x.,"Para ser eficiente debe acercarse a 9.4 mi o menos; posible ahorro 0.6 mi. Revisar trafico, secuencia de entregas y desvio autorizado.",0.6
RPS 933-089 11 EO,0470009731,2026-09-30 12:29:34,2026-09-30 13:27:19,57.8,"Plazoleta 169 (Retail, retail), Guaynabo, Puerto Rico, 00969","Terranova (Neighbourhood, residential, neighbourhood), Guaynabo, Puerto Rico, 00971",18.363462,-66.110012,18.359248,-66.123815,1.51,0.95,1.59,Revisar,Recorrio 1.59x la distancia directa; supera el umbral eficiente de 1.35x.,"Para ser eficiente debe acercarse a 1.3 mi o menos; posible ahorro 0.2 mi. Revisar trafico, secuencia de entregas y desvio autorizado.",0.23
RPS 994-204 20 RR,0470009744,2026-09-30 12:35:06,2026-09-30 12:52:33,17.4,"Calle La Cancha (Residential), Naranjito, Puerto Rico, 00719","Residential, Corozal, Puerto Rico, 00719",18.300118,-66.245511,18.316236,-66.282746,4.3,2.68,1.6,Revisar,Recorrio 1.6x la distancia directa; supera el umbral eficiente de 1.35x.,"Para ser eficiente debe acercarse a 3.6 mi o menos; posible ahorro 0.7 mi. Revisar trafico, secuencia de entregas y desvio autorizado.",0.68
RPS 996-332 21 EP,0470009726,2026-09-30 12:41:56,2026-09-30 13:14:15,32.3,"Urbanización Santiago Iglesias Pantín (Neighbourhood, residential, neighbourhood), San Juan, Puerto Rico, 00921","Calle Meadows (Residential), Guaynabo, Puerto Rico, 00968",18.384485,-66.097043,18.406726,-66.101401,2.69,1.56,1.72,Revisar,Recorrio 1.72x la distancia directa; supera el umbral eficiente de 1.35x.,"Para ser eficiente debe acercarse a 2.1 mi o menos; posible ahorro 0.6 mi. Revisar trafico, secuencia de entregas y desvio autorizado.",0.58
RPS 1035617 - DV,866846053686225,2026-09-30 12:43:52,2026-09-30 13:12:22,28.5,"Complejo Deportivo de Barceloneta (Sports_centre), Calle Complejo Deportivo, Barceloneta, Puerto Rico, 00617","Marginal Comercio (Residential), Hatillo, Puerto Rico, 00659",18.4580516,-66.5397116,18.4873766,-66.8141799,0,18.1,,Sin distancia suficiente,La salida y llegada estan demasiado cerca o falta odometro para evaluar eficiencia.,Validar GPS/odometro; esta ruta no tiene distancia suficiente para comparacion operacional.,0
RPS 994-209 19 MD,0470009727,2026-09-30 12:48:57,2026-09-30 13:17:25,28.5,"Burger King (Fast_food), Bayamon, Puerto Rico, 00956","Calle San Miguel (Residential), Bayamon, Puerto Rico, 00959",18.379255,-66.152716,18.392513,-66.128043,3.83,1.86,2.06,Ineficiente,Recorrio 2.06x la distancia directa; la ruta fue mucho mas larga que el trayecto esperado.,Alternativa: reordenar paradas y comparar contra Google Routes antes del despacho. Para pasar a eficiente: 2.5 mi o menos; ahorro estimado 1.3 mi.,1.32
RPS IRK-578 17 AM,0470009725,2026-09-30 12:52:05,2026-09-30 14:36:12,104.1,"Urbanización Santa Elena (Neighbourhood, residential, neighbourhood), Bayamon, Puerto Rico, 00957","Urbanización Hermanas Dávila (Neighbourhood, residential, neighbourhood), Bayamon, Puerto Rico, 00959",18.384416,-66.192366,18.38632,-66.174343,6.79,1.19,5.71,Ineficiente,Recorrio 5.71x la distancia directa; la ruta fue mucho mas larga que el trayecto esperado.,Alternativa: reordenar paradas y comparar contra Google Routes antes del despacho. Para pasar a eficiente: 1.6 mi o menos; ahorro estimado 5.2 mi.,5.19
RPS-985-742-18 ER,0470009732,2026-09-30 12:53:33,2026-09-30 13:11:05,17.5,"Residential, Camuy, Puerto Rico, 00627","PR-4453R (Tertiary), Lares, Puerto Rico, 00669",18.383071,-66.870673,18.338265,-66.862996,4.57,3.14,1.46,Revisar,Recorrio 1.46x la distancia directa; supera el umbral eficiente de 1.35x.,"Para ser eficiente debe acercarse a 4.2 mi o menos; posible ahorro 0.3 mi. Revisar trafico, secuencia de entregas y desvio autorizado.",0.33
RPS 933-090 12 LR,0470009730,2026-09-30 12:56:41,2026-09-30 13:26:52,30.2,"Carretera Santa Isabel - Ponce (Primary, PR-1), Juana Diaz, Puerto Rico, 00795","Calle 6 (Residential), Santa Isabel, Puerto Rico, 00757",17.995693,-66.493635,17.962906,-66.370101,9.39,8.43,1.11,Eficiente,Recorrio 1.11x la distancia directa; esta dentro del umbral operacional de 1.35x.,Mantener patron actual; usar como referencia para rutas similares.,0
RPS 994-204 20 RR,0470009744,2026-09-30 12:59:07,2026-09-30 13:44:04,45.0,"Residential, Corozal, Puerto Rico, 00719","Residential, Naranjito, Puerto Rico, 00719",18.316236,-66.282746,18.26887,-66.243246,10.54,4.17,2.53,Ineficiente,Recorrio 2.53x la distancia directa; la ruta fue mucho mas larga que el trayecto esperado.,Alternativa: reordenar paradas y comparar contra Google Routes antes del despacho. Para pasar a eficiente: 5.6 mi o menos; ahorro estimado 4.9 mi.,4.91
RPS 1035617 - DV,866846053686225,2026-09-30 13:16:03,2026-09-30 13:39:45,23.7,"Marginal Comercio (Residential), Hatillo, Puerto Rico, 00659","PR-481 (Tertiary), Quebradillas, Puerto Rico, 00678",18.4873766,-66.8141799,18.459255,-66.9202799,0,7.22,,Sin distancia suficiente,La salida y llegada estan demasiado cerca o falta odometro para evaluar eficiencia.,Validar GPS/odometro; esta ruta no tiene distancia suficiente para comparacion operacional.,0
RPS 996-332 21 EP,0470009726,2026-09-30 13:29:19,2026-09-30 13:38:41,9.4,"Calle Meadows (Residential), Guaynabo, Puerto Rico, 00968","Iglesia Bautista Ciudad de Dios (Place_of_worship), San Juan, Puerto Rico, 00920",18.406725,-66.101398,18.412535,-66.097158,0.97,0.49,1.98,Ineficiente,Recorrio 1.98x la distancia directa; la ruta fue mucho mas larga que el trayecto esperado.,Alternativa: reordenar paradas y comparar contra Google Routes antes del despacho. Para pasar a eficiente: 0.7 mi o menos; ahorro estimado 0.3 mi.,0.31
RPS-985-742-18 ER,0470009732,2026-09-30 13:29:54,2026-09-30 13:58:23,28.5,"PR-4453R (Tertiary), Lares, Puerto Rico, 00669","Residential, Camuy, Puerto Rico, 00627",18.338265,-66.862996,18.38001,-66.835696,7.98,3.39,2.35,Ineficiente,Recorrio 2.35x la distancia directa; la ruta fue mucho mas larga que el trayecto esperado.,Alternativa: reordenar paradas y comparar contra Google Routes antes del despacho. Para pasar a eficiente: 4.6 mi o menos; ahorro estimado 3.4 mi.,3.4
RPS 994-209 19 MD,0470009727,2026-09-30 13:34:01,2026-09-30 14:08:37,34.6,"Calle San Miguel (Residential), Bayamon, Puerto Rico, 00959","Calle Luz (Residential), Toa Baja, Puerto Rico, 00949",18.392513,-66.128043,18.427391,-66.176408,7.68,3.98,1.93,Ineficiente,Recorrio 1.93x la distancia directa; la ruta fue mucho mas larga que el trayecto esperado.,Alternativa: reordenar paradas y comparar contra Google Routes antes del despacho. Para pasar a eficiente: 5.4 mi o menos; ahorro estimado 2.3 mi.,2.3
RPS 1035617 - DV,866846053686225,2026-09-30 13:43:28,2026-09-30 13:59:55,16.4,"PR-481 (Tertiary), Quebradillas, Puerto Rico, 00678","Carretera Principal Charcas (Tertiary, PR-437), Quebradillas, Puerto Rico, 00678",18.459255,-66.9202799,18.4120716,-66.9315933,0,3.34,,Sin distancia suficiente,La salida y llegada estan demasiado cerca o falta odometro para evaluar eficiencia.,Validar GPS/odometro; esta ruta no tiene distancia suficiente para comparacion operacional.,0
RPS 996-332 21 EP,0470009726,2026-09-30 13:46:10,2026-09-30 14:40:34,54.4,"Iglesia Bautista Ciudad de Dios (Place_of_worship), San Juan, Puerto Rico, 00920","Service, Manati, Puerto Rico, 00674",18.412535,-66.097158,18.444985,-66.457209,26.51,23.71,1.12,Eficiente,Recorrio 1.12x la distancia directa; esta dentro del umbral operacional de 1.35x.,Mantener patron actual; usar como referencia para rutas similares.,0
RPS 994-204 20 RR,0470009744,2026-09-30 13:52:46,2026-09-30 15:25:03,92.3,"Residential, Naranjito, Puerto Rico, 00719","Residential, Manati, Puerto Rico, 00674",18.26887,-66.243246,18.42476,-66.475458,33.07,18.65,1.77,Revisar,Recorrio 1.77x la distancia directa; supera el umbral eficiente de 1.35x.,"Para ser eficiente debe acercarse a 25.2 mi o menos; posible ahorro 7.9 mi. Revisar trafico, secuencia de entregas y desvio autorizado.",7.89
RPS 933-090 12 LR,0470009730,2026-09-30 13:58:47,2026-09-30 14:19:13,20.4,"Calle 6 (Residential), Santa Isabel, Puerto Rico, 00757","Residential, Salinas, Puerto Rico, 00751",17.962906,-66.370103,17.976478,-66.286818,7.55,5.55,1.36,Revisar,Recorrio 1.36x la distancia directa; supera el umbral eficiente de 1.35x.,"Para ser eficiente debe acercarse a 7.5 mi o menos; posible ahorro 0.0 mi. Revisar trafico, secuencia de entregas y desvio autorizado.",0.05
RPS-985-742-18 ER,0470009732,2026-09-30 14:09:05,2026-09-30 15:08:51,59.8,"Residential, Camuy, Puerto Rico, 00627","Residential, Manati, Puerto Rico, 00674",18.38001,-66.835696,18.424673,-66.475429,32.37,23.82,1.36,Revisar,Recorrio 1.36x la distancia directa; supera el umbral eficiente de 1.35x.,"Para ser eficiente debe acercarse a 32.2 mi o menos; posible ahorro 0.2 mi. Revisar trafico, secuencia de entregas y desvio autorizado.",0.21
RPS 994-209 19 MD,0470009727,2026-09-30 14:20:43,2026-09-30 14:54:50,34.1,"Calle Luz (Residential), Toa Baja, Puerto Rico, 00949","Roof, Carretera Militar, Manatí, Puerto Rico, 00674",18.42739,-66.176405,18.432221,-66.476855,23.02,19.7,1.17,Eficiente,Recorrio 1.17x la distancia directa; esta dentro del umbral operacional de 1.35x.,Mantener patron actual; usar como referencia para rutas similares.,0
RPS 933-090 12 LR,0470009730,2026-09-30 14:31:15,2026-09-30 14:47:19,16.1,"Residential, Salinas, Puerto Rico, 00751","Comunidad Villodas (Residential, residential), Guayama, Puerto Rico, 00784",17.976478,-66.286818,17.971801,-66.179356,10.8,7.07,1.53,Revisar,Recorrio 1.53x la distancia directa; supera el umbral eficiente de 1.35x.,"Para ser eficiente debe acercarse a 9.5 mi o menos; posible ahorro 1.3 mi. Revisar trafico, secuencia de entregas y desvio autorizado.",1.25
RPS 1038729 - LV,866846053691563,2026-09-30 14:32:28,2026-09-30 15:01:12,28.7,"Urbanización Santa Mónica (Neighbourhood, residential, neighbourhood), Bayamon, Puerto Rico, 00957","Calle Orquídea (Residential), Bayamon, Puerto Rico, 00956",18.3867716,-66.1788116,18.3232516,-66.162815,0.0,4.51,0.0,Eficiente,Recorrio 0.0x la distancia directa; esta dentro del umbral operacional de 1.35x.,Mantener patron actual; usar como referencia para rutas similares.,0
RPS 996-332 21 EP,0470009726,2026-09-30 14:49:04,2026-09-30 15:01:37,12.6,"Service, Manati, Puerto Rico, 00674","Residential, Manati, Puerto Rico, 00674",18.444986,-66.457207,18.424756,-66.475389,3.01,1.84,1.64,Revisar,Recorrio 1.64x la distancia directa; supera el umbral eficiente de 1.35x.,"Para ser eficiente debe acercarse a 2.5 mi o menos; posible ahorro 0.5 mi. Revisar trafico, secuencia de entregas y desvio autorizado.",0.54
RPS IRK-578 17 AM,0470009725,2026-09-30 14:49:20,2026-09-30 15:55:57,66.6,"Urbanización Hermanas Dávila (Neighbourhood, residential, neighbourhood), Bayamon, Puerto Rico, 00959","Carretera 670 (Tertiary, PR-670), Manati, Puerto Rico, 00693",18.38632,-66.174343,18.424391,-66.475548,24.74,19.92,1.24,Eficiente,Recorrio 1.24x la distancia directa; esta dentro del umbral operacional de 1.35x.,Mantener patron actual; usar como referencia para rutas similares.,0
RPS 933-090 12 LR,0470009730,2026-09-30 14:54:53,2026-09-30 16:08:10,73.3,"Comunidad Villodas (Residential, residential), Guayama, Puerto Rico, 00784","Ruta Panorámica Luis Muñoz Marín / Carretera Ernesto Carasquillo (Trunk, PR-901), Yabucoa, Puerto Rico, 00767",17.971801,-66.179356,18.022955,-65.842871,31.99,22.39,1.43,Revisar,Recorrio 1.43x la distancia directa; supera el umbral eficiente de 1.35x.,"Para ser eficiente debe acercarse a 30.2 mi o menos; posible ahorro 1.8 mi. Revisar trafico, secuencia de entregas y desvio autorizado.",1.76
RPS 994-209 19 MD,0470009727,2026-09-30 15:01:14,2026-09-30 15:05:46,4.5,"Roof, Carretera Militar, Manatí, Puerto Rico, 00674","Residential, Manati, Puerto Rico, 00674",18.432221,-66.476855,18.424743,-66.475446,0.74,0.52,1.4,Revisar,Recorrio 1.4x la distancia directa; supera el umbral eficiente de 1.35x.,"Para ser eficiente debe acercarse a 0.7 mi o menos; posible ahorro 0.0 mi. Revisar trafico, secuencia de entregas y desvio autorizado.",0.03
RPS 996-332 21 EP,0470009726,2026-09-30 15:11:01,2026-09-30 15:17:20,6.3,"Residential, Manati, Puerto Rico, 00674","Residential, Manati, Puerto Rico, 00674",18.424757,-66.475389,18.424477,-66.47546,0.05,0.02,,Sin distancia suficiente,La salida y llegada estan demasiado cerca o falta odometro para evaluar eficiencia.,Validar GPS/odometro; esta ruta no tiene distancia suficiente para comparacion operacional.,0
RPS 994-209 19 MD,0470009727,2026-09-30 15:13:46,2026-09-30 15:16:14,2.5,"Residential, Manati, Puerto Rico, 00674","Residential, Manati, Puerto Rico, 00674",18.424743,-66.475446,18.424483,-66.475426,0.06,0.02,,Sin distancia suficiente,La salida y llegada estan demasiado cerca o falta odometro para evaluar eficiencia.,Validar GPS/odometro; esta ruta no tiene distancia suficiente para comparacion operacional.,0
RPS 933-089 11 EO,0470009731,2026-09-30 15:13:52,2026-09-30 16:17:46,63.9,"Terranova (Neighbourhood, residential, neighbourhood), Guaynabo, Puerto Rico, 00971","Carretera 670 (Tertiary, PR-670), Manati, Puerto Rico, 00693",18.359248,-66.123813,18.42439,-66.475579,35.47,23.5,1.51,Revisar,Recorrio 1.51x la distancia directa; supera el umbral eficiente de 1.35x.,"Para ser eficiente debe acercarse a 31.7 mi o menos; posible ahorro 3.8 mi. Revisar trafico, secuencia de entregas y desvio autorizado.",3.75
RPS-985-742-18 ER,0470009732,2026-09-30 15:19:49,2026-09-30 15:21:37,1.8,"Residential, Manati, Puerto Rico, 00674","Residential, Manati, Puerto Rico, 00674",18.424673,-66.475427,18.42448,-66.475478,0.03,0.01,,Sin distancia suficiente,La salida y llegada estan demasiado cerca o falta odometro para evaluar eficiencia.,Validar GPS/odometro; esta ruta no tiene distancia suficiente para comparacion operacional.,0
RPS 994-204 20 RR,0470009744,2026-09-30 15:29:39,2026-09-30 15:30:46,1.1,"Residential, Manati, Puerto Rico, 00674","Residential, Manati, Puerto Rico, 00674",18.42476,-66.475458,18.424658,-66.475491,0.06,0.01,,Sin distancia suficiente,La salida y llegada estan demasiado cerca o falta odometro para evaluar eficiencia.,Validar GPS/odometro; esta ruta no tiene distancia suficiente para comparacion operacional.,0
RPS 994-204 20 RR,0470009744,2026-09-30 16:19:55,2026-09-30 16:21:16,1.4,"Residential, Manati, Puerto Rico, 00674","Residential, Manati, Puerto Rico, 00674",18.424658,-66.475491,18.424476,-66.475516,0.05,0.01,,Sin distancia suficiente,La salida y llegada estan demasiado cerca o falta odometro para evaluar eficiencia.,Validar GPS/odometro; esta ruta no tiene distancia suficiente para comparacion operacional.,0
RPS 933-090 12 LR,0470009730,2026-09-30 16:30:09,2026-09-30 16:52:21,22.2,"Ruta Panorámica Luis Muñoz Marín / Carretera Ernesto Carasquillo (Trunk, PR-901), Yabucoa, Puerto Rico, 00767","Residential, Yabucoa, Puerto Rico, 00767",18.022955,-65.842871,18.099438,-65.899435,10.59,6.46,1.64,Revisar,Recorrio 1.64x la distancia directa; supera el umbral eficiente de 1.35x.,"Para ser eficiente debe acercarse a 8.7 mi o menos; posible ahorro 1.9 mi. Revisar trafico, secuencia de entregas y desvio autorizado.",1.87
RPS 1038729 - LV,866846053691563,2026-09-30 16:43:27,2026-09-30 17:57:46,74.3,"Calle Orquídea (Residential), Bayamon, Puerto Rico, 00956","Residential, Vega Baja, Puerto Rico, 00693",18.3232516,-66.162815,18.482755,-66.4286983,0.02,20.62,0.0,Eficiente,Recorrio 0.0x la distancia directa; esta dentro del umbral operacional de 1.35x.,Mantener patron actual; usar como referencia para rutas similares.,0
RPS 933-090 12 LR,0470009730,2026-10-01 04:46:00,2026-10-01 06:43:44,117.7,"Residential, Yabucoa, Puerto Rico, 00767","Carretera 670 (Tertiary, PR-670), Manati, Puerto Rico, 00693",18.099441,-65.899446,18.424361,-66.475643,71.6,43.97,1.63,Revisar,Recorrio 1.63x la distancia directa; supera el umbral eficiente de 1.35x.,"Para ser eficiente debe acercarse a 59.4 mi o menos; posible ahorro 12.2 mi. Revisar trafico, secuencia de entregas y desvio autorizado.",12.24
RPS 1035617 - DV,866846053686225,2026-10-01 06:53:14,2026-10-01 07:52:54,59.7,"Carretera Principal Charcas (Tertiary, PR-437), Quebradillas, Puerto Rico, 00678","Residential, Manati, Puerto Rico, 00674",18.4120716,-66.9315933,18.424715,-66.475445,0,29.92,,Sin distancia suficiente,La salida y llegada estan demasiado cerca o falta odometro para evaluar eficiencia.,Validar GPS/odometro; esta ruta no tiene distancia suficiente para comparacion operacional.,0
RPS 994-204 20 RR,0470009744,2026-10-01 06:57:37,2026-10-01 07:14:52,17.2,"Residential, Manati, Puerto Rico, 00674","Roof, Carretera Militar, Manatí, Puerto Rico, 00674",18.424475,-66.475518,18.432073,-66.476966,1.54,0.53,2.89,Ineficiente,Recorrio 2.89x la distancia directa; la ruta fue mucho mas larga que el trayecto esperado.,Alternativa: reordenar paradas y comparar contra Google Routes antes del despacho. Para pasar a eficiente: 0.7 mi o menos; ahorro estimado 0.8 mi.,0.82
RPS 996-332 21 EP,0470009726,2026-10-01 07:06:08,2026-10-01 07:06:48,0.7,"Residential, Manati, Puerto Rico, 00674","Residential, Manati, Puerto Rico, 00674",18.424477,-66.47546,18.424808,-66.475309,0.03,0.02,,Sin distancia suficiente,La salida y llegada estan demasiado cerca o falta odometro para evaluar eficiencia.,Validar GPS/odometro; esta ruta no tiene distancia suficiente para comparacion operacional.,0
RPS IRK-578 17 AM,0470009725,2026-10-01 07:06:57,2026-10-01 09:46:44,159.8,"Carretera 670 (Tertiary, PR-670), Manati, Puerto Rico, 00693","Urbanización Hyde Park (Neighbourhood, residential, neighbourhood), San Juan, Puerto Rico, 00918",18.424391,-66.475548,18.409475,-66.062893,35.16,27.07,1.3,Eficiente,Recorrio 1.3x la distancia directa; esta dentro del umbral operacional de 1.35x.,Mantener patron actual; usar como referencia para rutas similares.,0
RPS 996-332 21 EP,0470009726,2026-10-01 07:11:27,2026-10-01 09:08:21,116.9,"Residential, Manati, Puerto Rico, 00674","PR-714 (Tertiary), Salinas, Puerto Rico, 00751",18.424813,-66.475325,18.056956,-66.239701,70.9,29.75,2.38,Ineficiente,Recorrio 2.38x la distancia directa; la ruta fue mucho mas larga que el trayecto esperado.,Alternativa: reordenar paradas y comparar contra Google Routes antes del despacho. Para pasar a eficiente: 40.2 mi o menos; ahorro estimado 30.7 mi.,30.73
RPS 994-209 19 MD,0470009727,2026-10-01 07:12:35,2026-10-01 07:14:36,2.0,"Residential, Manati, Puerto Rico, 00674","Residential, Manati, Puerto Rico, 00674",18.42448,-66.475425,18.424755,-66.475444,0.04,0.02,,Sin distancia suficiente,La salida y llegada estan demasiado cerca o falta odometro para evaluar eficiencia.,Validar GPS/odometro; esta ruta no tiene distancia suficiente para comparacion operacional.,0
RPS 994-204 20 RR,0470009744,2026-10-01 07:18:29,2026-10-01 08:03:46,45.3,"Roof, Carretera Militar, Manatí, Puerto Rico, 00674","Urbanización Extensión Forest Hills (Neighbourhood, residential, neighbourhood), Bayamon, Puerto Rico, 00959",18.432073,-66.476966,18.384755,-66.164305,27.87,20.76,1.34,Eficiente,Recorrio 1.34x la distancia directa; esta dentro del umbral operacional de 1.35x.,Mantener patron actual; usar como referencia para rutas similares.,0
RPS 994-209 19 MD,0470009727,2026-10-01 07:25:54,2026-10-01 08:40:48,74.9,"Residential, Manati, Puerto Rico, 00674","J-21 Calle Jefferson, Calle Jefferson, Guaynabo, Puerto Rico, 00969",18.424755,-66.475444,18.371493,-66.095818,32.01,25.16,1.27,Eficiente,Recorrio 1.27x la distancia directa; esta dentro del umbral operacional de 1.35x.,Mantener patron actual; usar como referencia para rutas similares.,0
RPS 933-090 12 LR,0470009730,2026-10-01 07:35:30,2026-10-01 07:35:45,0.2,"Carretera 670 (Tertiary, PR-670), Manati, Puerto Rico, 00693","Carretera 670 (Tertiary, PR-670), Manati, Puerto Rico, 00693",18.424358,-66.475641,18.424358,-66.475641,0,0.0,,Sin distancia suficiente,La salida y llegada estan demasiado cerca o falta odometro para evaluar eficiencia.,Validar GPS/odometro; esta ruta no tiene distancia suficiente para comparacion operacional.,0
RPS 933-090 12 LR,0470009730,2026-10-01 07:36:58,2026-10-01 07:37:17,0.3,"Carretera 670 (Tertiary, PR-670), Manati, Puerto Rico, 00693","Carretera 670 (Tertiary, PR-670), Manati, Puerto Rico, 00693",18.424358,-66.475641,18.424358,-66.475641,0,0.0,,Sin distancia suficiente,La salida y llegada estan demasiado cerca o falta odometro para evaluar eficiencia.,Validar GPS/odometro; esta ruta no tiene distancia suficiente para comparacion operacional.,0
RPS 1038729 - LV,866846053691563,2026-10-01 07:57:02,2026-10-01 08:18:17,21.2,"Residential, Vega Baja, Puerto Rico, 00693","Carretera 670 (Tertiary, PR-670), Manati, Puerto Rico, 00693",18.482755,-66.4286983,18.4244,-66.4755066,0.0,5.07,0.0,Eficiente,Recorrio 0.0x la distancia directa; esta dentro del umbral operacional de 1.35x.,Mantener patron actual; usar como referencia para rutas similares.,0
RPS 994-204 20 RR,0470009744,2026-10-01 08:10:55,2026-10-01 08:51:44,40.8,"Urbanización Extensión Forest Hills (Neighbourhood, residential, neighbourhood), Bayamon, Puerto Rico, 00959","Urbanización Sierra Bayamón (Neighbourhood, residential, neighbourhood), Bayamon, Puerto Rico, 00961",18.384756,-66.164305,18.404625,-66.175143,4.04,1.55,2.61,Ineficiente,Recorrio 2.61x la distancia directa; la ruta fue mucho mas larga que el trayecto esperado.,Alternativa: reordenar paradas y comparar contra Google Routes antes del despacho. Para pasar a eficiente: 2.1 mi o menos; ahorro estimado 2.0 mi.,1.95
RPS 1035617 - DV,866846053686225,2026-10-01 08:11:13,2026-10-01 08:51:09,39.9,"Residential, Manati, Puerto Rico, 00674","Urbanización Reparto Valencia (Neighbourhood, residential, neighbourhood), Bayamon, Puerto Rico, 00959",18.4247266,-66.4754216,18.3994116,-66.1845616,0,19.15,,Sin distancia suficiente,La salida y llegada estan demasiado cerca o falta odometro para evaluar eficiencia.,Validar GPS/odometro; esta ruta no tiene distancia suficiente para comparacion operacional.,0
RPS 933-090 12 LR,0470009730,2026-10-01 08:12:06,2026-10-01 08:13:28,1.4,"Carretera 670 (Tertiary, PR-670), Manati, Puerto Rico, 00693","Carretera 670 (Tertiary, PR-670), Manati, Puerto Rico, 00693",18.424358,-66.475641,18.42438,-66.475633,0.0,0.0,,Sin distancia suficiente,La salida y llegada estan demasiado cerca o falta odometro para evaluar eficiencia.,Validar GPS/odometro; esta ruta no tiene distancia suficiente para comparacion operacional.,0
RPS 933-090 12 LR,0470009730,2026-10-01 08:13:31,2026-10-01 08:44:14,30.7,"Carretera 670 (Tertiary, PR-670), Manati, Puerto Rico, 00693","Carretera 670 (Tertiary, PR-670), Manati, Puerto Rico, 00693",18.42438,-66.475633,18.424379,-66.475634,0,0.0,,Sin distancia suficiente,La salida y llegada estan demasiado cerca o falta odometro para evaluar eficiencia.,Validar GPS/odometro; esta ruta no tiene distancia suficiente para comparacion operacional.,0
RPS 933-090 12 LR,0470009730,2026-10-01 08:44:25,2026-10-01 08:50:17,5.9,"Carretera 670 (Tertiary, PR-670), Manati, Puerto Rico, 00693","Carretera 670 (Tertiary, PR-670), Manati, Puerto Rico, 00693",18.424379,-66.475634,18.424376,-66.475628,0.01,0.0,,Sin distancia suficiente,La salida y llegada estan demasiado cerca o falta odometro para evaluar eficiencia.,Validar GPS/odometro; esta ruta no tiene distancia suficiente para comparacion operacional.,0
RPS 994-209 19 MD,0470009727,2026-10-01 08:52:00,2026-10-01 09:27:54,35.9,"J-21 Calle Jefferson, Calle Jefferson, Guaynabo, Puerto Rico, 00969","Victoria (Neighbourhood, residential, neighbourhood), San Juan, Puerto Rico, 00924",18.371493,-66.095818,18.393926,-66.015488,7.1,5.49,1.29,Eficiente,Recorrio 1.29x la distancia directa; esta dentro del umbral operacional de 1.35x.,Mantener patron actual; usar como referencia para rutas similares.,0
RPS 1035617 - DV,866846053686225,2026-10-01 08:55:03,2026-10-01 08:58:10,3.1,"Urbanización Reparto Valencia (Neighbourhood, residential, neighbourhood), Bayamon, Puerto Rico, 00959","Avenida Orquídea (Tertiary), Bayamon, Puerto Rico, 00959",18.3994116,-66.1845616,18.4001433,-66.182495,0,0.14,,Sin distancia suficiente,La salida y llegada estan demasiado cerca o falta odometro para evaluar eficiencia.,Validar GPS/odometro; esta ruta no tiene distancia suficiente para comparacion operacional.,0
RPS 1035617 - DV,866846053686225,2026-10-01 08:58:13,2026-10-01 08:59:17,1.1,"Avenida Orquídea (Tertiary), Bayamon, Puerto Rico, 00959","Avenida Orquídea (Tertiary), Bayamon, Puerto Rico, 00959",18.4001433,-66.182495,18.4001433,-66.182495,0,0.0,,Sin distancia suficiente,La salida y llegada estan demasiado cerca o falta odometro para evaluar eficiencia.,Validar GPS/odometro; esta ruta no tiene distancia suficiente para comparacion operacional.,0
RPS 1035617 - DV,866846053686225,2026-10-01 09:00:13,2026-10-01 09:15:15,15.0,"Avenida Orquídea (Tertiary), Bayamon, Puerto Rico, 00959","Urbanización Alturas de Flamboyán (Neighbourhood, residential, neighbourhood), Bayamon, Puerto Rico, 00959",18.4001433,-66.182495,18.3852733,-66.1534549,0,2.16,,Sin distancia suficiente,La salida y llegada estan demasiado cerca o falta odometro para evaluar eficiencia.,Validar GPS/odometro; esta ruta no tiene distancia suficiente para comparacion operacional.,0
RPS 994-204 20 RR,0470009744,2026-10-01 09:04:04,2026-10-01 09:29:58,25.9,"Urbanización Sierra Bayamón (Neighbourhood, residential, neighbourhood), Bayamon, Puerto Rico, 00961","Calle 4 (Residential), Bayamon, Puerto Rico, 00956",18.404652,-66.175169,18.348038,-66.179143,7.28,3.92,1.86,Ineficiente,Recorrio 1.86x la distancia directa; la ruta fue mucho mas larga que el trayecto esperado.,Alternativa: reordenar paradas y comparar contra Google Routes antes del despacho. Para pasar a eficiente: 5.3 mi o menos; ahorro estimado 2.0 mi.,1.99
RPS 933-089 11 EO,0470009731,2026-10-01 09:06:19,2026-10-01 09:39:07,32.8,"Carretera 670 (Tertiary, PR-670), Manati, Puerto Rico, 00693","Residencial Colinas del Marquez (Neighbourhood, residential, neighbourhood), Vega Baja, Puerto Rico, 00693",18.424393,-66.475581,18.45413,-66.383168,9.09,6.4,1.42,Revisar,Recorrio 1.42x la distancia directa; supera el umbral eficiente de 1.35x.,"Para ser eficiente debe acercarse a 8.6 mi o menos; posible ahorro 0.5 mi. Revisar trafico, secuencia de entregas y desvio autorizado.",0.45
RPS 996-332 21 EP,0470009726,2026-10-01 09:15:12,2026-10-01 09:30:53,15.7,"PR-714 (Tertiary), Salinas, Puerto Rico, 00751","Calle Francisco Sánchez (Residential), Salinas, Puerto Rico, 00751",18.056956,-66.239701,18.003278,-66.25999,4.56,3.94,1.16,Eficiente,Recorrio 1.16x la distancia directa; esta dentro del umbral operacional de 1.35x.,Mantener patron actual; usar como referencia para rutas similares.,0
RPS 1035617 - DV,866846053686225,2026-10-01 09:19:06,2026-10-01 09:25:54,6.8,"Urbanización Alturas de Flamboyán (Neighbourhood, residential, neighbourhood), Bayamon, Puerto Rico, 00959","Urbanización Extensión Forest Hills (Neighbourhood, residential, neighbourhood), Bayamon, Puerto Rico, 00959",18.3852733,-66.1534549,18.3839816,-66.1662149,0,0.84,,Sin distancia suficiente,La salida y llegada estan demasiado cerca o falta odometro para evaluar eficiencia.,Validar GPS/odometro; esta ruta no tiene distancia suficiente para comparacion operacional.,0
RPS 994-209 19 MD,0470009727,2026-10-01 09:28:11,2026-10-01 09:28:23,0.2,"Victoria (Neighbourhood, residential, neighbourhood), San Juan, Puerto Rico, 00924","Victoria (Neighbourhood, residential, neighbourhood), San Juan, Puerto Rico, 00924",18.393928,-66.015488,18.393928,-66.015488,0,0.0,,Sin distancia suficiente,La salida y llegada estan demasiado cerca o falta odometro para evaluar eficiencia.,Validar GPS/odometro; esta ruta no tiene distancia suficiente para comparacion operacional.,0
RPS 933-090 12 LR,0470009730,2026-10-01 09:29:57,2026-10-01 09:42:58,13.0,"Carretera 670 (Tertiary, PR-670), Manati, Puerto Rico, 00693","Carretera Militar (Secondary, PR-2), Manati, Puerto Rico, 00674",18.424374,-66.475627,18.427985,-66.497831,1.85,1.48,1.25,Eficiente,Recorrio 1.25x la distancia directa; esta dentro del umbral operacional de 1.35x.,Mantener patron actual; usar como referencia para rutas similares.,0
RPS 996-332 21 EP,0470009726,2026-10-01 09:31:24,2026-10-01 09:33:02,1.6,"Calle Francisco Sánchez (Residential), Salinas, Puerto Rico, 00751","Calle Central (Residential), Salinas, Puerto Rico, 00751",18.003276,-66.25999,18.00146,-66.25857,0.19,0.16,,Sin distancia suficiente,La salida y llegada estan demasiado cerca o falta odometro para evaluar eficiencia.,Validar GPS/odometro; esta ruta no tiene distancia suficiente para comparacion operacional.,0
RPS 994-204 20 RR,0470009744,2026-10-01 09:38:20,2026-10-01 09:48:25,10.1,"Calle 4 (Residential), Bayamon, Puerto Rico, 00956","Urbanización Los Dominicos (Neighbourhood, residential, neighbourhood), Bayamon, Puerto Rico, 00957",18.348051,-66.179103,18.343241,-66.197909,1.85,1.28,1.45,Revisar,Recorrio 1.45x la distancia directa; supera el umbral eficiente de 1.35x.,"Para ser eficiente debe acercarse a 1.7 mi o menos; posible ahorro 0.1 mi. Revisar trafico, secuencia de entregas y desvio autorizado.",0.13
RPS 996-332 21 EP,0470009726,2026-10-01 09:42:09,2026-10-01 10:09:48,27.6,"Calle Central (Residential), Salinas, Puerto Rico, 00751","Residential, Salinas, Puerto Rico, 00704",18.00146,-66.25857,17.973433,-66.213333,13.09,3.55,3.69,Ineficiente,Recorrio 3.69x la distancia directa; la ruta fue mucho mas larga que el trayecto esperado.,Alternativa: reordenar paradas y comparar contra Google Routes antes del despacho. Para pasar a eficiente: 4.8 mi o menos; ahorro estimado 8.3 mi.,8.3
RPS 933-090 12 LR,0470009730,2026-10-01 09:44:16,2026-10-01 09:50:24,6.1,"Carretera Militar (Secondary, PR-2), Manati, Puerto Rico, 00674","Carretera Militar (Secondary, PR-2), Manati, Puerto Rico, 00674",18.427985,-66.497829,18.42785,-66.498035,0.03,0.02,,Sin distancia suficiente,La salida y llegada estan demasiado cerca o falta odometro para evaluar eficiencia.,Validar GPS/odometro; esta ruta no tiene distancia suficiente para comparacion operacional.,0
RPS 1035617 - DV,866846053686225,2026-10-01 09:45:44,2026-10-01 10:01:09,15.4,"Urbanización Extensión Forest Hills (Neighbourhood, residential, neighbourhood), Bayamon, Puerto Rico, 00959","Calle Borinquen (Residential), Toa Alta, Puerto Rico, 00953",18.383875,-66.166115,18.384655,-66.2001133,0,2.23,,Sin distancia suficiente,La salida y llegada estan demasiado cerca o falta odometro para evaluar eficiencia.,Validar GPS/odometro; esta ruta no tiene distancia suficiente para comparacion operacional.,0
RPS 933-089 11 EO,0470009731,2026-10-01 09:49:39,2026-10-01 10:13:50,24.2,"Residencial Colinas del Marquez (Neighbourhood, residential, neighbourhood), Vega Baja, Puerto Rico, 00693","Calle 4 (Residential), Vega Alta, Puerto Rico, 00692",18.45413,-66.383168,18.416748,-66.324208,5.97,4.65,1.28,Eficiente,Recorrio 1.28x la distancia directa; esta dentro del umbral operacional de 1.35x.,Mantener patron actual; usar como referencia para rutas similares.,0
RPS 994-209 19 MD,0470009727,2026-10-01 09:49:55,2026-10-01 10:31:22,41.5,"Victoria (Neighbourhood, residential, neighbourhood), San Juan, Puerto Rico, 00924","Urbanización Extensión Forest Hills (Neighbourhood, residential, neighbourhood), Bayamon, Puerto Rico, 00959",18.393911,-66.015461,18.38399,-66.166169,14.93,9.9,1.51,Revisar,Recorrio 1.51x la distancia directa; supera el umbral eficiente de 1.35x.,"Para ser eficiente debe acercarse a 13.4 mi o menos; posible ahorro 1.6 mi. Revisar trafico, secuencia de entregas y desvio autorizado.",1.55
RPS IRK-578 17 AM,0470009725,2026-10-01 09:59:59,2026-10-01 10:54:05,54.1,"Urbanización Hyde Park (Neighbourhood, residential, neighbourhood), San Juan, Puerto Rico, 00918","Avenida Juan Ponce de León (PR-25) (Primary, Carretera 25, PR-25), San Juan, Puerto Rico, 00909",18.409475,-66.062893,18.441333,-66.062325,2.98,2.2,1.35,Eficiente,Recorrio 1.35x la distancia directa; esta dentro del umbral operacional de 1.35x.,Mantener patron actual; usar como referencia para rutas similares.,0
RPS 994-204 20 RR,0470009744,2026-10-01 10:07:04,2026-10-01 10:33:19,26.2,"Urbanización Los Dominicos (Neighbourhood, residential, neighbourhood), Bayamon, Puerto Rico, 00957","Parcelas Juan Sánchez (Neighbourhood, residential, neighbourhood), Bayamon, Puerto Rico, 00959",18.34323,-66.197937,18.362875,-66.146293,7.84,3.65,2.15,Ineficiente,Recorrio 2.15x la distancia directa; la ruta fue mucho mas larga que el trayecto esperado.,Alternativa: reordenar paradas y comparar contra Google Routes antes del despacho. Para pasar a eficiente: 4.9 mi o menos; ahorro estimado 2.9 mi.,2.92
RPS 1035617 - DV,866846053686225,2026-10-01 10:08:09,2026-10-01 10:30:34,22.4,"Calle Borinquen (Residential), Toa Alta, Puerto Rico, 00953","Sector Acevedo (Residential), Bayamon, Puerto Rico, 00957",18.384655,-66.2001133,18.344135,-66.189965,0,2.88,,Sin distancia suficiente,La salida y llegada estan demasiado cerca o falta odometro para evaluar eficiencia.,Validar GPS/odometro; esta ruta no tiene distancia suficiente para comparacion operacional.,0
RPS 996-332 21 EP,0470009726,2026-10-01 10:12:32,2026-10-01 10:44:58,32.4,"Residential, Salinas, Puerto Rico, 00704","Calle Coral (Residential), Arroyo, Puerto Rico, 00714",17.973433,-66.213333,17.989201,-66.056098,15.77,10.39,1.52,Revisar,Recorrio 1.52x la distancia directa; supera el umbral eficiente de 1.35x.,"Para ser eficiente debe acercarse a 14.0 mi o menos; posible ahorro 1.7 mi. Revisar trafico, secuencia de entregas y desvio autorizado.",1.74
RPS 933-090 12 LR,0470009730,2026-10-01 10:17:44,2026-10-01 10:46:19,28.6,"Carretera Militar (Secondary, PR-2), Manati, Puerto Rico, 00674","Calle Jacinto Cubano (Residential), Manati, Puerto Rico, 00674",18.42785,-66.498035,18.449233,-66.483875,4.97,1.74,2.85,Ineficiente,Recorrio 2.85x la distancia directa; la ruta fue mucho mas larga que el trayecto esperado.,Alternativa: reordenar paradas y comparar contra Google Routes antes del despacho. Para pasar a eficiente: 2.4 mi o menos; ahorro estimado 2.6 mi.,2.61
RPS 994-209 19 MD,0470009727,2026-10-01 10:33:21,2026-10-01 11:06:17,32.9,"Urbanización Extensión Forest Hills (Neighbourhood, residential, neighbourhood), Bayamon, Puerto Rico, 00959","Calle Lince (Residential), San Juan, Puerto Rico, 00923",18.38399,-66.166169,18.40366,-66.039226,13.15,8.43,1.56,Revisar,Recorrio 1.56x la distancia directa; supera el umbral eficiente de 1.35x.,"Para ser eficiente debe acercarse a 11.4 mi o menos; posible ahorro 1.8 mi. Revisar trafico, secuencia de entregas y desvio autorizado.",1.77
RPS 933-089 11 EO,0470009731,2026-10-01 10:38:38,2026-10-01 11:22:39,44.0,"Calle 4 (Residential), Vega Alta, Puerto Rico, 00692","Residential, Corozal, Puerto Rico, 00687",18.416748,-66.324208,18.314696,-66.366609,11.95,7.58,1.58,Revisar,Recorrio 1.58x la distancia directa; supera el umbral eficiente de 1.35x.,"Para ser eficiente debe acercarse a 10.2 mi o menos; posible ahorro 1.7 mi. Revisar trafico, secuencia de entregas y desvio autorizado.",1.71
RPS 994-204 20 RR,0470009744,2026-10-01 10:39:31,2026-10-01 11:17:08,37.6,"Parcelas Juan Sánchez (Neighbourhood, residential, neighbourhood), Bayamon, Puerto Rico, 00959","Calle Caribe (Residential), Toa Baja, Puerto Rico, 00949",18.362875,-66.146291,18.463428,-66.192376,10.34,7.58,1.37,Revisar,Recorrio 1.37x la distancia directa; supera el umbral eficiente de 1.35x.,"Para ser eficiente debe acercarse a 10.2 mi o menos; posible ahorro 0.1 mi. Revisar trafico, secuencia de entregas y desvio autorizado.",0.12
RPS 996-332 21 EP,0470009726,2026-10-01 10:55:11,2026-10-01 11:11:38,16.4,"Calle Coral (Residential), Arroyo, Puerto Rico, 00714","Residential, Arroyo, Puerto Rico, 00714",17.989201,-66.0561,18.029673,-66.058453,3.8,2.8,1.36,Revisar,Recorrio 1.36x la distancia directa; supera el umbral eficiente de 1.35x.,"Para ser eficiente debe acercarse a 3.8 mi o menos; posible ahorro 0.0 mi. Revisar trafico, secuencia de entregas y desvio autorizado.",0.02
RPS 1035617 - DV,866846053686225,2026-10-01 10:55:23,2026-10-01 11:20:33,25.2,"Sector Acevedo (Residential), Bayamon, Puerto Rico, 00957","Carretera Comerío - Aguas Buenas (Secondary, PR-156), Comerio, Puerto Rico, 00782",18.344135,-66.189965,18.2347833,-66.2152833,0,7.74,,Sin distancia suficiente,La salida y llegada estan demasiado cerca o falta odometro para evaluar eficiencia.,Validar GPS/odometro; esta ruta no tiene distancia suficiente para comparacion operacional.,0
RPS 933-090 12 LR,0470009730,2026-10-01 10:59:27,2026-10-01 11:35:18,35.9,"Calle Jacinto Cubano (Residential), Manati, Puerto Rico, 00674","Calle Extensión Sur (Residential), Dorado, Puerto Rico, 00646",18.449233,-66.483875,18.460793,-66.268948,21.52,14.11,1.53,Revisar,Recorrio 1.53x la distancia directa; supera el umbral eficiente de 1.35x.,"Para ser eficiente debe acercarse a 19.0 mi o menos; posible ahorro 2.5 mi. Revisar trafico, secuencia de entregas y desvio autorizado.",2.47
RPS 994-204 20 RR,0470009744,2026-10-01 11:18:35,2026-10-01 11:18:51,0.3,"Calle Caribe (Residential), Toa Baja, Puerto Rico, 00949","Calle Caribe (Residential), Toa Baja, Puerto Rico, 00949",18.463428,-66.192375,18.463425,-66.192393,0.01,0.0,,Sin distancia suficiente,La salida y llegada estan demasiado cerca o falta odometro para evaluar eficiencia.,Validar GPS/odometro; esta ruta no tiene distancia suficiente para comparacion operacional.,0
RPS IRK-578 17 AM,0470009725,2026-10-01 11:19:27,2026-10-01 11:56:51,37.4,"Avenida Juan Ponce de León (PR-25) (Primary, Carretera 25, PR-25), San Juan, Puerto Rico, 00909","Barriada Buen Consejo (Neighbourhood, residential, neighbourhood), San Juan, Puerto Rico, 00926",18.441333,-66.062325,18.3942,-66.048628,4.46,3.38,1.32,Eficiente,Recorrio 1.32x la distancia directa; esta dentro del umbral operacional de 1.35x.,Mantener patron actual; usar como referencia para rutas similares.,0
RPS 996-332 21 EP,0470009726,2026-10-01 11:22:27,2026-10-01 11:42:06,19.6,"Residential, Arroyo, Puerto Rico, 00714","Calle Flamboyán (Residential), Patillas, Puerto Rico, 00723",18.029673,-66.058453,18.013048,-66.021445,6.79,2.69,2.53,Ineficiente,Recorrio 2.53x la distancia directa; la ruta fue mucho mas larga que el trayecto esperado.,Alternativa: reordenar paradas y comparar contra Google Routes antes del despacho. Para pasar a eficiente: 3.6 mi o menos; ahorro estimado 3.2 mi.,3.16
RPS 994-209 19 MD,0470009727,2026-10-01 11:22:41,2026-10-01 11:56:37,33.9,"Calle Lince (Residential), San Juan, Puerto Rico, 00923","Ocean Park Tower (Apartments), Calle Diez de Andino, San Juan, Puerto Rico, 00911",18.40366,-66.039226,18.450811,-66.06035,8.38,3.54,2.37,Ineficiente,Recorrio 2.37x la distancia directa; la ruta fue mucho mas larga que el trayecto esperado.,Alternativa: reordenar paradas y comparar contra Google Routes antes del despacho. Para pasar a eficiente: 4.8 mi o menos; ahorro estimado 3.6 mi.,3.6
RPS 994-204 20 RR,0470009744,2026-10-01 11:24:31,2026-10-01 11:53:39,29.1,"Calle Caribe (Residential), Toa Baja, Puerto Rico, 00949","Calle 11 (Residential), Dorado, Puerto Rico, 00646",18.463426,-66.19239,18.431506,-66.279631,11.01,6.13,1.8,Revisar,Recorrio 1.8x la distancia directa; supera el umbral eficiente de 1.35x.,"Para ser eficiente debe acercarse a 8.3 mi o menos; posible ahorro 2.7 mi. Revisar trafico, secuencia de entregas y desvio autorizado.",2.74
RPS 1035617 - DV,866846053686225,2026-10-01 11:25:20,2026-10-01 11:50:50,25.5,"Carretera Comerío - Aguas Buenas (Secondary, PR-156), Comerio, Puerto Rico, 00782","Carretera Corozal - Naranjito (Secondary, PR-164), Naranjito, Puerto Rico, 00719",18.2347833,-66.2152833,18.3067149,-66.2577483,0,5.7,,Sin distancia suficiente,La salida y llegada estan demasiado cerca o falta odometro para evaluar eficiencia.,Validar GPS/odometro; esta ruta no tiene distancia suficiente para comparacion operacional.,0
RPS 996-332 21 EP,0470009726,2026-10-01 11:46:27,2026-10-01 11:49:31,3.1,"Calle Flamboyán (Residential), Patillas, Puerto Rico, 00723","Calle Laurel (Residential), Patillas, Puerto Rico, 00723",18.013048,-66.021445,18.011531,-66.020148,0.2,0.14,,Sin distancia suficiente,La salida y llegada estan demasiado cerca o falta odometro para evaluar eficiencia.,Validar GPS/odometro; esta ruta no tiene distancia suficiente para comparacion operacional.,0
RPS 933-089 11 EO,0470009731,2026-10-01 11:50:39,2026-10-01 12:15:48,25.1,"Residential, Corozal, Puerto Rico, 00687","Carretera 619 (Tertiary, PR-619), Morovis, Puerto Rico, 00687",18.314696,-66.366609,18.315483,-66.390893,5.89,1.59,3.7,Ineficiente,Recorrio 3.7x la distancia directa; la ruta fue mucho mas larga que el trayecto esperado.,Alternativa: reordenar paradas y comparar contra Google Routes antes del despacho. Para pasar a eficiente: 2.2 mi o menos; ahorro estimado 3.7 mi.,3.74
RPS 933-090 12 LR,0470009730,2026-10-01 11:55:35,2026-10-01 12:42:10,46.6,"Calle Extensión Sur (Residential), Dorado, Puerto Rico, 00646","Residential, Bayamon, Puerto Rico, 00956",18.460793,-66.268948,18.336965,-66.162499,20.36,11.04,1.84,Ineficiente,Recorrio 1.84x la distancia directa; la ruta fue mucho mas larga que el trayecto esperado.,Alternativa: reordenar paradas y comparar contra Google Routes antes del despacho. Para pasar a eficiente: 14.9 mi o menos; ahorro estimado 5.5 mi.,5.46
RPS 996-332 21 EP,0470009726,2026-10-01 11:57:37,2026-10-01 14:41:27,163.8,"Calle Laurel (Residential), Patillas, Puerto Rico, 00723","Service, Manati, Puerto Rico, 00674",18.011531,-66.020148,18.444986,-66.45719,70.09,41.47,1.69,Revisar,Recorrio 1.69x la distancia directa; supera el umbral eficiente de 1.35x.,"Para ser eficiente debe acercarse a 56.0 mi o menos; posible ahorro 14.1 mi. Revisar trafico, secuencia de entregas y desvio autorizado.",14.1
RPS 1035617 - DV,866846053686225,2026-10-01 11:58:34,2026-10-01 12:14:01,15.4,"Carretera Corozal - Naranjito (Secondary, PR-164), Naranjito, Puerto Rico, 00719","Calle 6 (Residential), Corozal, Puerto Rico, 00783",18.3067149,-66.2577483,18.3404116,-66.3045883,0,3.85,,Sin distancia suficiente,La salida y llegada estan demasiado cerca o falta odometro para evaluar eficiencia.,Validar GPS/odometro; esta ruta no tiene distancia suficiente para comparacion operacional.,0
RPS 994-204 20 RR,0470009744,2026-10-01 12:01:04,2026-10-01 12:15:03,14.0,"Calle 11 (Residential), Dorado, Puerto Rico, 00646","Calle Estrella (Residential), Dorado, Puerto Rico, 00646",18.431506,-66.279631,18.416155,-66.296805,4.03,1.55,2.61,Ineficiente,Recorrio 2.61x la distancia directa; la ruta fue mucho mas larga que el trayecto esperado.,Alternativa: reordenar paradas y comparar contra Google Routes antes del despacho. Para pasar a eficiente: 2.1 mi o menos; ahorro estimado 1.9 mi.,1.94
RPS IRK-578 17 AM,0470009725,2026-10-01 12:14:05,2026-10-01 13:18:32,64.5,"Barriada Buen Consejo (Neighbourhood, residential, neighbourhood), San Juan, Puerto Rico, 00926","Calle 11 Sureste (Residential), San Juan, Puerto Rico, 00921",18.3942,-66.048628,18.395383,-66.079933,2.91,2.05,1.41,Revisar,Recorrio 1.41x la distancia directa; supera el umbral eficiente de 1.35x.,"Para ser eficiente debe acercarse a 2.8 mi o menos; posible ahorro 0.1 mi. Revisar trafico, secuencia de entregas y desvio autorizado.",0.13
RPS 994-209 19 MD,0470009727,2026-10-01 12:17:01,2026-10-01 12:30:04,13.1,"Ocean Park Tower (Apartments), Calle Diez de Andino, San Juan, Puerto Rico, 00911","Avenida Juan Ponce de León (Primary, Carretera 25, PR-1;PR-25), San Juan, Puerto Rico, 00918",18.45081,-66.06035,18.432603,-66.058876,3.4,1.26,2.69,Ineficiente,Recorrio 2.69x la distancia directa; la ruta fue mucho mas larga que el trayecto esperado.,Alternativa: reordenar paradas y comparar contra Google Routes antes del despacho. Para pasar a eficiente: 1.7 mi o menos; ahorro estimado 1.7 mi.,1.7
RPS 933-089 11 EO,0470009731,2026-10-01 12:20:13,2026-10-01 13:27:35,67.4,"Carretera 619 (Tertiary, PR-619), Morovis, Puerto Rico, 00687","Supermercados Selectos (Supermarket), PR-6623, Barrio Pueblo, Puerto Rico, 00687",18.315483,-66.390893,18.32375,-66.406669,2.29,1.18,1.94,Ineficiente,Recorrio 1.94x la distancia directa; la ruta fue mucho mas larga que el trayecto esperado.,Alternativa: reordenar paradas y comparar contra Google Routes antes del despacho. Para pasar a eficiente: 1.6 mi o menos; ahorro estimado 0.7 mi.,0.69
RPS 994-204 20 RR,0470009744,2026-10-01 12:23:10,2026-10-01 12:56:19,33.1,"Calle Estrella (Residential), Dorado, Puerto Rico, 00646","Calle Ausubo (Residential), Toa Alta, Puerto Rico, 00953",18.416155,-66.296805,18.366636,-66.203063,11.28,7.03,1.6,Revisar,Recorrio 1.6x la distancia directa; supera el umbral eficiente de 1.35x.,"Para ser eficiente debe acercarse a 9.5 mi o menos; posible ahorro 1.8 mi. Revisar trafico, secuencia de entregas y desvio autorizado.",1.79
RPS 1035617 - DV,866846053686225,2026-10-01 12:23:24,2026-10-01 13:13:31,50.1,"Calle 6 (Residential), Corozal, Puerto Rico, 00783","PR-683 (Tertiary), Arecibo, Puerto Rico, 00652",18.3404116,-66.3045883,18.4492066,-66.6182949,0,21.9,,Sin distancia suficiente,La salida y llegada estan demasiado cerca o falta odometro para evaluar eficiencia.,Validar GPS/odometro; esta ruta no tiene distancia suficiente para comparacion operacional.,0
RPS 994-209 19 MD,0470009727,2026-10-01 12:32:14,2026-10-01 13:07:16,35.0,"Avenida Juan Ponce de León (Primary, Carretera 25, PR-1;PR-25), San Juan, Puerto Rico, 00918","Calle El Faro (Residential), San Juan, Puerto Rico, 00915",18.432603,-66.058876,18.433651,-66.051596,1.73,0.48,3.59,Ineficiente,Recorrio 3.59x la distancia directa; la ruta fue mucho mas larga que el trayecto esperado.,Alternativa: reordenar paradas y comparar contra Google Routes antes del despacho. Para pasar a eficiente: 0.7 mi o menos; ahorro estimado 1.1 mi.,1.08
RPS 994-204 20 RR,0470009744,2026-10-01 13:05:43,2026-10-01 13:29:48,24.1,"Calle Ausubo (Residential), Toa Alta, Puerto Rico, 00953","Residential, Toa Alta, Puerto Rico, 00953",18.366636,-66.203063,18.381825,-66.216761,3.91,1.38,2.83,Ineficiente,Recorrio 2.83x la distancia directa; la ruta fue mucho mas larga que el trayecto esperado.,Alternativa: reordenar paradas y comparar contra Google Routes antes del despacho. Para pasar a eficiente: 1.9 mi o menos; ahorro estimado 2.0 mi.,2.05
RPS 1035617 - DV,866846053686225,2026-10-01 13:16:50,2026-10-01 13:35:29,18.6,"PR-683 (Tertiary), Arecibo, Puerto Rico, 00652","Plaza del Norte (Retail, retail), Avenida Miramar, Hatillo, Puerto Rico, 00659",18.4492066,-66.6182949,18.4835616,-66.77369,0,10.46,,Sin distancia suficiente,La salida y llegada estan demasiado cerca o falta odometro para evaluar eficiencia.,Validar GPS/odometro; esta ruta no tiene distancia suficiente para comparacion operacional.,0
RPS 933-090 12 LR,0470009730,2026-10-01 13:17:47,2026-10-01 13:41:33,23.8,"Residential, Bayamon, Puerto Rico, 00956","Avenida Jesús Toribio Piñero / Avenida Central (Primary, Carretera 17, PR-17), San Juan, Puerto Rico, 00921",18.336965,-66.162499,18.400046,-66.095789,8.24,6.18,1.33,Eficiente,Recorrio 1.33x la distancia directa; esta dentro del umbral operacional de 1.35x.,Mantener patron actual; usar como referencia para rutas similares.,0
RPS 994-209 19 MD,0470009727,2026-10-01 13:21:45,2026-10-01 13:38:29,16.7,"Calle El Faro (Residential), San Juan, Puerto Rico, 00915","Condominio Teide (Residential, residential), San Juan, Puerto Rico, 00917",18.433651,-66.051596,18.426515,-66.051853,1.42,0.49,2.89,Ineficiente,Recorrio 2.89x la distancia directa; la ruta fue mucho mas larga que el trayecto esperado.,Alternativa: reordenar paradas y comparar contra Google Routes antes del despacho. Para pasar a eficiente: 0.7 mi o menos; ahorro estimado 0.8 mi.,0.76
RPS 994-204 20 RR,0470009744,2026-10-01 13:37:05,2026-10-01 13:47:18,10.2,"Residential, Toa Alta, Puerto Rico, 00953","PR-819 / PR-863 (Tertiary, PR-819;PR-863), Toa Baja, Puerto Rico, 00949",18.381825,-66.216761,18.402621,-66.213753,2.75,1.45,1.9,Ineficiente,Recorrio 1.9x la distancia directa; la ruta fue mucho mas larga que el trayecto esperado.,Alternativa: reordenar paradas y comparar contra Google Routes antes del despacho. Para pasar a eficiente: 2.0 mi o menos; ahorro estimado 0.8 mi.,0.79
RPS IRK-578 17 AM,0470009725,2026-10-01 13:39:20,2026-10-01 13:53:01,13.7,"Calle 11 Sureste (Residential), San Juan, Puerto Rico, 00921","Condominio Villas del Señorial (Residential, residential), San Juan, Puerto Rico, 00926",18.395383,-66.079933,18.364573,-66.061366,3.62,2.45,1.48,Revisar,Recorrio 1.48x la distancia directa; supera el umbral eficiente de 1.35x.,"Para ser eficiente debe acercarse a 3.3 mi o menos; posible ahorro 0.3 mi. Revisar trafico, secuencia de entregas y desvio autorizado.",0.31
RPS 933-090 12 LR,0470009730,2026-10-01 13:43:02,2026-10-01 14:45:39,62.6,"Avenida Jesús Toribio Piñero / Avenida Central (Primary, Carretera 17, PR-17), San Juan, Puerto Rico, 00921","Carretera Ernesto Carrasquillo (Secondary, PR-901), Yabucoa, Puerto Rico, 00767",18.400046,-66.095789,18.044526,-65.854995,39.33,29.21,1.35,Eficiente,Recorrio 1.35x la distancia directa; esta dentro del umbral operacional de 1.35x.,Mantener patron actual; usar como referencia para rutas similares.,0
RPS 994-204 20 RR,0470009744,2026-10-01 13:47:57,2026-10-01 14:16:07,28.2,"PR-819 / PR-863 (Tertiary, PR-819;PR-863), Toa Baja, Puerto Rico, 00949","Residential, Vega Alta, Puerto Rico, 00692",18.402621,-66.213753,18.438626,-66.333025,10.45,8.2,1.27,Eficiente,Recorrio 1.27x la distancia directa; esta dentro del umbral operacional de 1.35x.,Mantener patron actual; usar como referencia para rutas similares.,0
RPS 1035617 - DV,866846053686225,2026-10-01 13:48:39,2026-10-01 14:06:25,17.8,"Plaza del Norte (Retail, retail), Avenida Miramar, Hatillo, Puerto Rico, 00659","Total (Convenience), Carretera Militar, Camuy, Puerto Rico, 00627",18.4835616,-66.77369,18.4725466,-66.87474,0,6.67,,Sin distancia suficiente,La salida y llegada estan demasiado cerca o falta odometro para evaluar eficiencia.,Validar GPS/odometro; esta ruta no tiene distancia suficiente para comparacion operacional.,0
RPS 933-089 11 EO,0470009731,2026-10-01 13:52:27,2026-10-01 14:14:36,22.1,"Supermercados Selectos (Supermarket), PR-6623, Barrio Pueblo, Puerto Rico, 00687","Residential, Morovis, Puerto Rico, 00687",18.323749,-66.406669,18.350676,-66.443195,5.21,3.03,1.72,Revisar,Recorrio 1.72x la distancia directa; supera el umbral eficiente de 1.35x.,"Para ser eficiente debe acercarse a 4.1 mi o menos; posible ahorro 1.1 mi. Revisar trafico, secuencia de entregas y desvio autorizado.",1.12
RPS 994-209 19 MD,0470009727,2026-10-01 13:53:32,2026-10-01 14:11:35,18.1,"Condominio Teide (Residential, residential), San Juan, Puerto Rico, 00917","Urbanización El Vedado (Neighbourhood, residential, neighbourhood), San Juan, Puerto Rico, 00918",18.426515,-66.051853,18.418335,-66.059704,1.14,0.76,1.49,Revisar,Recorrio 1.49x la distancia directa; supera el umbral eficiente de 1.35x.,"Para ser eficiente debe acercarse a 1.0 mi o menos; posible ahorro 0.1 mi. Revisar trafico, secuencia de entregas y desvio autorizado.",0.1
RPS IRK-578 17 AM,0470009725,2026-10-01 14:03:06,2026-10-01 15:49:43,106.6,"Condominio Villas del Señorial (Residential, residential), San Juan, Puerto Rico, 00926","Carretera 670 (Tertiary, PR-670), Manati, Puerto Rico, 00693",18.364573,-66.061366,18.424404,-66.475544,34.84,27.47,1.27,Eficiente,Recorrio 1.27x la distancia directa; esta dentro del umbral operacional de 1.35x.,Mantener patron actual; usar como referencia para rutas similares.,0
RPS 1035617 - DV,866846053686225,2026-10-01 14:10:39,2026-10-01 14:49:13,38.6,"Total (Convenience), Carretera Militar, Camuy, Puerto Rico, 00627","1x 38kV (Power Line, PREPA, line, 38000), Quebradillas, Puerto Rico, 00678",18.4725466,-66.87474,18.4561,-66.9495216,0,5.03,,Sin distancia suficiente,La salida y llegada estan demasiado cerca o falta odometro para evaluar eficiencia.,Validar GPS/odometro; esta ruta no tiene distancia suficiente para comparacion operacional.,0
RPS 994-209 19 MD,0470009727,2026-10-01 14:18:54,2026-10-01 14:24:55,6.0,"Urbanización El Vedado (Neighbourhood, residential, neighbourhood), San Juan, Puerto Rico, 00918","Super 7 (Convenience), San Juan, Puerto Rico, 00918",18.418335,-66.059704,18.4222,-66.064091,0.63,0.39,1.6,Revisar,Recorrio 1.6x la distancia directa; supera el umbral eficiente de 1.35x.,"Para ser eficiente debe acercarse a 0.5 mi o menos; posible ahorro 0.1 mi. Revisar trafico, secuencia de entregas y desvio autorizado.",0.1
RPS 933-089 11 EO,0470009731,2026-10-01 14:26:38,2026-10-01 14:55:14,28.6,"Residential, Morovis, Puerto Rico, 00687","Carretera 670 (Tertiary, PR-670), Manati, Puerto Rico, 00693",18.350676,-66.443195,18.424433,-66.475595,8.38,5.52,1.52,Revisar,Recorrio 1.52x la distancia directa; supera el umbral eficiente de 1.35x.,"Para ser eficiente debe acercarse a 7.5 mi o menos; posible ahorro 0.9 mi. Revisar trafico, secuencia de entregas y desvio autorizado.",0.93
RPS 994-204 20 RR,0470009744,2026-10-01 14:27:26,2026-10-01 14:44:16,16.8,"Residential, Vega Alta, Puerto Rico, 00692","Calle Víctor M. Ruiz Sierra (Residential), Vega Baja, Puerto Rico, 00693",18.438625,-66.333025,18.436611,-66.395758,5.72,4.11,1.39,Revisar,Recorrio 1.39x la distancia directa; supera el umbral eficiente de 1.35x.,"Para ser eficiente debe acercarse a 5.6 mi o menos; posible ahorro 0.2 mi. Revisar trafico, secuencia de entregas y desvio autorizado.",0.17
RPS 994-209 19 MD,0470009727,2026-10-01 14:30:39,2026-10-01 15:24:35,53.9,"Super 7 (Convenience), San Juan, Puerto Rico, 00918","Residential, Manati, Puerto Rico, 00674",18.4222,-66.064091,18.424735,-66.475453,30.79,26.97,1.14,Eficiente,Recorrio 1.14x la distancia directa; esta dentro del umbral operacional de 1.35x.,Mantener patron actual; usar como referencia para rutas similares.,0
RPS 996-332 21 EP,0470009726,2026-10-01 14:45:00,2026-10-01 14:57:18,12.3,"Service, Manati, Puerto Rico, 00674","Roof, Carretera Militar, Manatí, Puerto Rico, 00674",18.444986,-66.457189,18.432124,-66.477004,3.08,1.57,1.96,Ineficiente,Recorrio 1.96x la distancia directa; la ruta fue mucho mas larga que el trayecto esperado.,Alternativa: reordenar paradas y comparar contra Google Routes antes del despacho. Para pasar a eficiente: 2.1 mi o menos; ahorro estimado 1.0 mi.,0.95
RPS 994-204 20 RR,0470009744,2026-10-01 14:49:54,2026-10-01 15:20:20,30.4,"Calle Víctor M. Ruiz Sierra (Residential), Vega Baja, Puerto Rico, 00693","Residential, Manati, Puerto Rico, 00674",18.436613,-66.395759,18.42475,-66.475478,8.11,5.29,1.53,Revisar,Recorrio 1.53x la distancia directa; supera el umbral eficiente de 1.35x.,"Para ser eficiente debe acercarse a 7.1 mi o menos; posible ahorro 1.0 mi. Revisar trafico, secuencia de entregas y desvio autorizado.",0.97
RPS 933-090 12 LR,0470009730,2026-10-01 14:50:37,2026-10-01 15:02:39,12.0,"Carretera Ernesto Carrasquillo (Secondary, PR-901), Yabucoa, Puerto Rico, 00767","House, Calle 2, Yabucoa, Puerto Rico, 00767",18.04452,-65.854985,18.046615,-65.876544,1.7,1.42,1.19,Eficiente,Recorrio 1.19x la distancia directa; esta dentro del umbral operacional de 1.35x.,Mantener patron actual; usar como referencia para rutas similares.,0
RPS 933-089 11 EO,0470009731,2026-10-01 15:01:44,2026-10-01 15:02:13,0.5,"Carretera 670 (Tertiary, PR-670), Manati, Puerto Rico, 00693","Carretera 670 (Tertiary, PR-670), Manati, Puerto Rico, 00693",18.424433,-66.475595,18.424425,-66.475601,0.01,0.0,,Sin distancia suficiente,La salida y llegada estan demasiado cerca o falta odometro para evaluar eficiencia.,Validar GPS/odometro; esta ruta no tiene distancia suficiente para comparacion operacional.,0
RPS 996-332 21 EP,0470009726,2026-10-01 15:03:02,2026-10-01 15:09:17,6.2,"Roof, Carretera Militar, Manatí, Puerto Rico, 00674","Residential, Manati, Puerto Rico, 00674",18.432107,-66.477007,18.424788,-66.475473,0.75,0.52,1.45,Revisar,Recorrio 1.45x la distancia directa; supera el umbral eficiente de 1.35x.,"Para ser eficiente debe acercarse a 0.7 mi o menos; posible ahorro 0.1 mi. Revisar trafico, secuencia de entregas y desvio autorizado.",0.05
RPS 933-090 12 LR,0470009730,2026-10-01 15:11:30,2026-10-01 15:29:23,17.9,"House, Calle 2, Yabucoa, Puerto Rico, 00767","Residential, Yabucoa, Puerto Rico, 00767",18.046615,-65.876544,18.099395,-65.899393,6.26,3.94,1.59,Revisar,Recorrio 1.59x la distancia directa; supera el umbral eficiente de 1.35x.,"Para ser eficiente debe acercarse a 5.3 mi o menos; posible ahorro 0.9 mi. Revisar trafico, secuencia de entregas y desvio autorizado.",0.93
RPS 996-332 21 EP,0470009726,2026-10-01 15:13:10,2026-10-01 15:17:07,4.0,"Residential, Manati, Puerto Rico, 00674","Residential, Manati, Puerto Rico, 00674",18.424786,-66.475468,18.424526,-66.47545,0.04,0.02,,Sin distancia suficiente,La salida y llegada estan demasiado cerca o falta odometro para evaluar eficiencia.,Validar GPS/odometro; esta ruta no tiene distancia suficiente para comparacion operacional.,0
RPS 1035617 - DV,866846053686225,2026-10-01 15:14:29,2026-10-01 15:25:52,11.4,"1x 38kV (Power Line, PREPA, line, 38000), Quebradillas, Puerto Rico, 00678","Carretera Principal Charcas (Tertiary, PR-437), Quebradillas, Puerto Rico, 00678",18.4561,-66.9495216,18.4120333,-66.9315466,0,3.26,,Sin distancia suficiente,La salida y llegada estan demasiado cerca o falta odometro para evaluar eficiencia.,Validar GPS/odometro; esta ruta no tiene distancia suficiente para comparacion operacional.,0
RPS 994-204 20 RR,0470009744,2026-10-01 15:26:20,2026-10-01 15:34:20,8.0,"Residential, Manati, Puerto Rico, 00674","Residential, Manati, Puerto Rico, 00674",18.42475,-66.475476,18.424439,-66.475449,0.05,0.02,,Sin distancia suficiente,La salida y llegada estan demasiado cerca o falta odometro para evaluar eficiencia.,Validar GPS/odometro; esta ruta no tiene distancia suficiente para comparacion operacional.,0
RPS 994-209 19 MD,0470009727,2026-10-01 15:27:20,2026-10-01 15:29:22,2.0,"Residential, Manati, Puerto Rico, 00674","Residential, Manati, Puerto Rico, 00674",18.424735,-66.475448,18.424646,-66.475475,0.04,0.01,,Sin distancia suficiente,La salida y llegada estan demasiado cerca o falta odometro para evaluar eficiencia.,Validar GPS/odometro; esta ruta no tiene distancia suficiente para comparacion operacional.,0
RPS 933-090 12 LR,0470009730,2026-10-02 04:47:10,2026-10-02 06:09:50,82.7,"Residential, Yabucoa, Puerto Rico, 00767","Carretera Fernando ""Nando"" Otero Sánchez (Secondary, PR-149), Manati, Puerto Rico, 00674",18.099341,-65.899371,18.429153,-66.474751,63.8,44.1,1.45,Revisar,Recorrio 1.45x la distancia directa; supera el umbral eficiente de 1.35x.,"Para ser eficiente debe acercarse a 59.5 mi o menos; posible ahorro 4.3 mi. Revisar trafico, secuencia de entregas y desvio autorizado.",4.27
RPS 933-090 12 LR,0470009730,2026-10-02 06:11:26,2026-10-02 06:15:20,3.9,"Carretera Fernando ""Nando"" Otero Sánchez (Secondary, PR-149), Manati, Puerto Rico, 00674","Carretera 670 (Tertiary, PR-670), Manati, Puerto Rico, 00693",18.429153,-66.474751,18.424403,-66.47556,0.67,0.33,2.0,Ineficiente,Recorrio 2.0x la distancia directa; la ruta fue mucho mas larga que el trayecto esperado.,Alternativa: reordenar paradas y comparar contra Google Routes antes del despacho. Para pasar a eficiente: 0.4 mi o menos; ahorro estimado 0.2 mi.,0.22
RPS 1035617 - DV,866846053686225,2026-10-02 06:47:42,2026-10-02 07:41:31,53.8,"Carretera Principal Charcas (Tertiary, PR-437), Quebradillas, Puerto Rico, 00678","Residential, Manati, Puerto Rico, 00674",18.4120333,-66.9315466,18.4247066,-66.4754516,0,29.91,,Sin distancia suficiente,La salida y llegada estan demasiado cerca o falta odometro para evaluar eficiencia.,Validar GPS/odometro; esta ruta no tiene distancia suficiente para comparacion operacional.,0
RPS 994-204 20 RR,0470009744,2026-10-02 06:54:21,2026-10-02 07:12:03,17.7,"Residential, Manati, Puerto Rico, 00674","AbbVie Ltd. (APL) (Industrial, industrial), Barceloneta, Puerto Rico, 00617",18.424439,-66.475449,18.433723,-66.564476,7.11,5.87,1.21,Eficiente,Recorrio 1.21x la distancia directa; esta dentro del umbral operacional de 1.35x.,Mantener patron actual; usar como referencia para rutas similares.,0
RPS 994-209 19 MD,0470009727,2026-10-02 07:05:34,2026-10-02 07:07:15,1.7,"Residential, Manati, Puerto Rico, 00674","Residential, Manati, Puerto Rico, 00674",18.424646,-66.475476,18.424775,-66.47534,0.06,0.01,,Sin distancia suficiente,La salida y llegada estan demasiado cerca o falta odometro para evaluar eficiencia.,Validar GPS/odometro; esta ruta no tiene distancia suficiente para comparacion operacional.,0
RPS 996-332 21 EP,0470009726,2026-10-02 07:07:13,2026-10-02 07:40:26,33.2,"Residential, Manati, Puerto Rico, 00674","Residential, Vega Alta, Puerto Rico, 00692",18.424526,-66.47545,18.379141,-66.340845,15.84,9.37,1.69,Revisar,Recorrio 1.69x la distancia directa; supera el umbral eficiente de 1.35x.,"Para ser eficiente debe acercarse a 12.6 mi o menos; posible ahorro 3.2 mi. Revisar trafico, secuencia de entregas y desvio autorizado.",3.19
RPS 994-209 19 MD,0470009727,2026-10-02 07:13:19,2026-10-02 07:43:49,30.5,"Residential, Manati, Puerto Rico, 00674","Torrecillas (Residential, residential), Morovis, Puerto Rico, 00687",18.424775,-66.47534,18.337596,-66.429998,12.78,6.72,1.9,Ineficiente,Recorrio 1.9x la distancia directa; la ruta fue mucho mas larga que el trayecto esperado.,Alternativa: reordenar paradas y comparar contra Google Routes antes del despacho. Para pasar a eficiente: 9.1 mi o menos; ahorro estimado 3.7 mi.,3.72
RPS 994-204 20 RR,0470009744,2026-10-02 07:18:24,2026-10-02 07:20:28,2.1,"AbbVie Ltd. (APL) (Industrial, industrial), Barceloneta, Puerto Rico, 00617","Carretera Benito de Jesús Negrón (Secondary, PR-140), Barceloneta, Puerto Rico, 00617",18.433725,-66.564478,18.4314,-66.564846,0.2,0.16,,Sin distancia suficiente,La salida y llegada estan demasiado cerca o falta odometro para evaluar eficiencia.,Validar GPS/odometro; esta ruta no tiene distancia suficiente para comparacion operacional.,0
RPS 994-204 20 RR,0470009744,2026-10-02 07:23:45,2026-10-02 08:16:14,52.5,"Carretera Benito de Jesús Negrón (Secondary, PR-140), Barceloneta, Puerto Rico, 00617","Avenida Guillermo Esteves Volkers (Tertiary, PR-6111;PR-111R), Utuado, Puerto Rico, 00641",18.4314,-66.564846,18.258848,-66.687011,29.66,14.36,2.07,Ineficiente,Recorrio 2.07x la distancia directa; la ruta fue mucho mas larga que el trayecto esperado.,Alternativa: reordenar paradas y comparar contra Google Routes antes del despacho. Para pasar a eficiente: 19.4 mi o menos; ahorro estimado 10.3 mi.,10.27
RPS IRK-578 17 AM,0470009725,2026-10-02 07:27:07,2026-10-02 09:17:28,110.3,"Carretera 670 (Tertiary, PR-670), Manati, Puerto Rico, 00693","Camino El Vertedero (Residential), Lares, Puerto Rico, 00669",18.424402,-66.475544,18.301538,-66.866868,38.15,27.03,1.41,Revisar,Recorrio 1.41x la distancia directa; supera el umbral eficiente de 1.35x.,"Para ser eficiente debe acercarse a 36.5 mi o menos; posible ahorro 1.7 mi. Revisar trafico, secuencia de entregas y desvio autorizado.",1.66
RPS 996-332 21 EP,0470009726,2026-10-02 07:49:40,2026-10-02 08:24:51,35.2,"Residential, Vega Alta, Puerto Rico, 00692","Residential, Toa Alta, Puerto Rico, 00953",18.379141,-66.340845,18.360458,-66.263883,11.86,5.21,2.28,Ineficiente,Recorrio 2.28x la distancia directa; la ruta fue mucho mas larga que el trayecto esperado.,Alternativa: reordenar paradas y comparar contra Google Routes antes del despacho. Para pasar a eficiente: 7.0 mi o menos; ahorro estimado 4.8 mi.,4.83
RPS 1035617 - DV,866846053686225,2026-10-02 07:50:00,2026-10-02 08:24:42,34.7,"Residential, Manati, Puerto Rico, 00674","Urbanización Extensión Forest Hills (Neighbourhood, residential, neighbourhood), Bayamon, Puerto Rico, 00959",18.4247216,-66.4754399,18.38395,-66.1662133,0,20.47,,Sin distancia suficiente,La salida y llegada estan demasiado cerca o falta odometro para evaluar eficiencia.,Validar GPS/odometro; esta ruta no tiene distancia suficiente para comparacion operacional.,0
RPS 994-209 19 MD,0470009727,2026-10-02 07:59:42,2026-10-02 08:21:08,21.4,"Torrecillas (Residential, residential), Morovis, Puerto Rico, 00687","Calle Las Orquídeas (Residential), Morovis, Puerto Rico, 00687",18.337596,-66.429998,18.321935,-66.40456,5.0,1.99,2.51,Ineficiente,Recorrio 2.51x la distancia directa; la ruta fue mucho mas larga que el trayecto esperado.,Alternativa: reordenar paradas y comparar contra Google Routes antes del despacho. Para pasar a eficiente: 2.7 mi o menos; ahorro estimado 2.3 mi.,2.31
RPS 994-204 20 RR,0470009744,2026-10-02 08:24:02,2026-10-02 08:46:46,22.7,"Avenida Guillermo Esteves Volkers (Tertiary, PR-6111;PR-111R), Utuado, Puerto Rico, 00641","Antigua PR-10 (Tertiary, PR-123), Utuado, Puerto Rico, 00641",18.258846,-66.687015,18.270169,-66.711311,2.69,1.78,1.51,Revisar,Recorrio 1.51x la distancia directa; supera el umbral eficiente de 1.35x.,"Para ser eficiente debe acercarse a 2.4 mi o menos; posible ahorro 0.3 mi. Revisar trafico, secuencia de entregas y desvio autorizado.",0.29
RPS 996-332 21 EP,0470009726,2026-10-02 08:26:39,2026-10-02 08:54:57,28.3,"Residential, Toa Alta, Puerto Rico, 00953","Calle Algarrobo (Residential), Toa Alta, Puerto Rico, 00953",18.360458,-66.263881,18.36648,-66.201801,6.7,4.09,1.64,Revisar,Recorrio 1.64x la distancia directa; supera el umbral eficiente de 1.35x.,"Para ser eficiente debe acercarse a 5.5 mi o menos; posible ahorro 1.2 mi. Revisar trafico, secuencia de entregas y desvio autorizado.",1.18
RPS-985-742-18 ER,0470009732,2026-10-02 08:29:17,2026-10-02 08:30:57,1.7,"Residential, Manati, Puerto Rico, 00674","Residential, Manati, Puerto Rico, 00674",18.424479,-66.475479,18.42447,-66.475436,0.03,0.0,,Sin distancia suficiente,La salida y llegada estan demasiado cerca o falta odometro para evaluar eficiencia.,Validar GPS/odometro; esta ruta no tiene distancia suficiente para comparacion operacional.,0
RPS 994-209 19 MD,0470009727,2026-10-02 08:34:55,2026-10-02 09:25:35,50.7,"Calle Las Orquídeas (Residential), Morovis, Puerto Rico, 00687","Residential, Orocovis, Puerto Rico, 00720",18.321935,-66.40456,18.236995,-66.40567,14.47,5.87,2.47,Ineficiente,Recorrio 2.47x la distancia directa; la ruta fue mucho mas larga que el trayecto esperado.,Alternativa: reordenar paradas y comparar contra Google Routes antes del despacho. Para pasar a eficiente: 7.9 mi o menos; ahorro estimado 6.5 mi.,6.55
RPS 933-089 11 EO,0470009731,2026-10-02 08:37:39,2026-10-02 08:39:08,1.5,"Carretera 670 (Tertiary, PR-670), Manati, Puerto Rico, 00693","Residential, Manati, Puerto Rico, 00674",18.424429,-66.475596,18.42452,-66.475629,0.06,0.01,,Sin distancia suficiente,La salida y llegada estan demasiado cerca o falta odometro para evaluar eficiencia.,Validar GPS/odometro; esta ruta no tiene distancia suficiente para comparacion operacional.,0
RPS 994-204 20 RR,0470009744,2026-10-02 08:53:52,2026-10-02 09:40:01,46.1,"Antigua PR-10 (Tertiary, PR-123), Utuado, Puerto Rico, 00641","Carretera Gobernador Licenciado Carlos Romero Barceló (Tertiary, PR-130), Hatillo, Puerto Rico, 00659",18.270157,-66.711294,18.468103,-66.813723,23.88,15.24,1.57,Revisar,Recorrio 1.57x la distancia directa; supera el umbral eficiente de 1.35x.,"Para ser eficiente debe acercarse a 20.6 mi o menos; posible ahorro 3.3 mi. Revisar trafico, secuencia de entregas y desvio autorizado.",3.31
RPS 1038729 - LV,866846053691563,2026-10-02 09:07:16,2026-10-02 09:17:23,10.1,"Carretera 670 (Tertiary, PR-670), Manati, Puerto Rico, 00693","Carretera Militar (Secondary, PR-2), Manati, Puerto Rico, 00674",18.4244,-66.4755066,18.4362933,-66.4631,0.0,1.16,0.0,Eficiente,Recorrio 0.0x la distancia directa; esta dentro del umbral operacional de 1.35x.,Mantener patron actual; usar como referencia para rutas similares.,0
RPS 1038729 - LV,866846053691563,2026-10-02 09:22:43,2026-10-02 10:17:04,54.4,"Carretera Militar (Secondary, PR-2), Manati, Puerto Rico, 00674","Calle Alturas de Camuy (Residential), Camuy, Puerto Rico, 00627",18.4362933,-66.4631,18.46662,-66.8736416,0.02,26.99,0.0,Eficiente,Recorrio 0.0x la distancia directa; esta dentro del umbral operacional de 1.35x.,Mantener patron actual; usar como referencia para rutas similares.,0
RPS IRK-578 17 AM,0470009725,2026-10-02 09:28:34,2026-10-02 11:17:50,109.3,"Camino El Vertedero (Residential), Lares, Puerto Rico, 00669","Calle 9 (Residential), Arecibo, Puerto Rico, 00612",18.301538,-66.866868,18.450255,-66.742189,15.3,13.13,1.17,Eficiente,Recorrio 1.17x la distancia directa; esta dentro del umbral operacional de 1.35x.,Mantener patron actual; usar como referencia para rutas similares.,0
RPS 994-209 19 MD,0470009727,2026-10-02 09:30:09,2026-10-02 10:31:04,60.9,"Residential, Orocovis, Puerto Rico, 00720","Residential, Corozal, Puerto Rico, 00783",18.236995,-66.40567,18.26953,-66.334463,17.28,5.19,3.33,Ineficiente,Recorrio 3.33x la distancia directa; la ruta fue mucho mas larga que el trayecto esperado.,Alternativa: reordenar paradas y comparar contra Google Routes antes del despacho. Para pasar a eficiente: 7.0 mi o menos; ahorro estimado 10.3 mi.,10.28
RPS 996-332 21 EP,0470009726,2026-10-02 09:32:47,2026-10-02 09:46:38,13.8,"Calle Borinquen (Residential), Toa Alta, Puerto Rico, 00953","Urbanización Extensión Forest Hills (Neighbourhood, residential, neighbourhood), Bayamon, Puerto Rico, 00959",18.383316,-66.20039,18.383946,-66.16614,2.93,2.25,1.31,Eficiente,Recorrio 1.31x la distancia directa; esta dentro del umbral operacional de 1.35x.,Mantener patron actual; usar como referencia para rutas similares.,0
RPS 1035617 - DV,866846053686225,2026-10-02 09:40:43,2026-10-02 10:13:55,33.2,"Urbanización Extensión Forest Hills (Neighbourhood, residential, neighbourhood), Bayamon, Puerto Rico, 00959","Calle San Rafael (Residential), San Juan, Puerto Rico, 00909",18.38395,-66.1662133,18.4457416,-66.0738766,0,7.41,,Sin distancia suficiente,La salida y llegada estan demasiado cerca o falta odometro para evaluar eficiencia.,Validar GPS/odometro; esta ruta no tiene distancia suficiente para comparacion operacional.,0
RPS 994-204 20 RR,0470009744,2026-10-02 09:43:38,2026-10-02 10:16:04,32.4,"Carretera Gobernador Licenciado Carlos Romero Barceló (Tertiary, PR-130), Hatillo, Puerto Rico, 00659","Calle B (Residential), Hatillo, Puerto Rico, 00659",18.468103,-66.813723,18.46366,-66.793113,5.14,1.39,3.71,Ineficiente,Recorrio 3.71x la distancia directa; la ruta fue mucho mas larga que el trayecto esperado.,Alternativa: reordenar paradas y comparar contra Google Routes antes del despacho. Para pasar a eficiente: 1.9 mi o menos; ahorro estimado 3.3 mi.,3.27
RPS 996-332 21 EP,0470009726,2026-10-02 09:51:00,2026-10-02 10:09:32,18.5,"Urbanización Extensión Forest Hills (Neighbourhood, residential, neighbourhood), Bayamon, Puerto Rico, 00959","Calle Plutarco Ortiz (Residential), Bayamon, Puerto Rico, 00956",18.383946,-66.16614,18.343288,-66.148041,4.68,3.05,1.53,Revisar,Recorrio 1.53x la distancia directa; supera el umbral eficiente de 1.35x.,"Para ser eficiente debe acercarse a 4.1 mi o menos; posible ahorro 0.6 mi. Revisar trafico, secuencia de entregas y desvio autorizado.",0.56
RPS 996-332 21 EP,0470009726,2026-10-02 10:14:41,2026-10-02 10:42:56,28.2,"Calle Plutarco Ortiz (Residential), Bayamon, Puerto Rico, 00956","Parque Industrial Corujo (Industrial, industrial), Bayamon, Puerto Rico, 00961",18.343291,-66.148039,18.409553,-66.189441,8.55,5.32,1.61,Revisar,Recorrio 1.61x la distancia directa; supera el umbral eficiente de 1.35x.,"Para ser eficiente debe acercarse a 7.2 mi o menos; posible ahorro 1.4 mi. Revisar trafico, secuencia de entregas y desvio autorizado.",1.37
RPS 1035617 - DV,866846053686225,2026-10-02 10:15:18,2026-10-02 10:16:49,1.5,"Calle San Rafael (Residential), San Juan, Puerto Rico, 00909","Calle Feria (Residential), San Juan, Puerto Rico, 00909",18.4457416,-66.0738766,18.44633,-66.0735049,0,0.05,,Sin distancia suficiente,La salida y llegada estan demasiado cerca o falta odometro para evaluar eficiencia.,Validar GPS/odometro; esta ruta no tiene distancia suficiente para comparacion operacional.,0
RPS 994-204 20 RR,0470009744,2026-10-02 10:23:14,2026-10-02 10:41:08,17.9,"Calle B (Residential), Hatillo, Puerto Rico, 00659","Calle K (Residential), Hatillo, Puerto Rico, 00659",18.463676,-66.793123,18.42419,-66.790831,4.84,2.73,1.77,Revisar,Recorrio 1.77x la distancia directa; supera el umbral eficiente de 1.35x.,"Para ser eficiente debe acercarse a 3.7 mi o menos; posible ahorro 1.2 mi. Revisar trafico, secuencia de entregas y desvio autorizado.",1.16
RPS 1035617 - DV,866846053686225,2026-10-02 10:32:35,2026-10-02 11:09:51,37.3,"Calle Feria (Residential), San Juan, Puerto Rico, 00909","Carretera Hato Tejas (Tertiary, PR-862), Bayamon, Puerto Rico, 00959",18.4463916,-66.0735116,18.3989266,-66.1932366,0,8.51,,Sin distancia suficiente,La salida y llegada estan demasiado cerca o falta odometro para evaluar eficiencia.,Validar GPS/odometro; esta ruta no tiene distancia suficiente para comparacion operacional.,0
RPS 933-090 12 LR,0470009730,2026-10-02 10:34:04,2026-10-02 10:53:34,19.5,"Carretera 670 (Tertiary, PR-670), Manati, Puerto Rico, 00693","Doctors' Center Hospital (Hospital, 00-07-058), Calle Marginal, Manatí, Puerto Rico, 00674-0532",18.424401,-66.47556,18.434251,-66.475273,1.14,0.68,1.67,Revisar,Recorrio 1.67x la distancia directa; supera el umbral eficiente de 1.35x.,"Para ser eficiente debe acercarse a 0.9 mi o menos; posible ahorro 0.2 mi. Revisar trafico, secuencia de entregas y desvio autorizado.",0.22
RPS 996-332 21 EP,0470009726,2026-10-02 10:44:57,2026-10-02 11:12:02,27.1,"Parque Industrial Corujo (Industrial, industrial), Bayamon, Puerto Rico, 00961","Extensión Villa Capri (Neighbourhood, residential, neighbourhood), San Juan, Puerto Rico, 00924",18.409553,-66.189441,18.389383,-66.025526,15.68,10.84,1.45,Revisar,Recorrio 1.45x la distancia directa; supera el umbral eficiente de 1.35x.,"Para ser eficiente debe acercarse a 14.6 mi o menos; posible ahorro 1.1 mi. Revisar trafico, secuencia de entregas y desvio autorizado.",1.05
RPS 994-209 19 MD,0470009727,2026-10-02 10:45:22,2026-10-02 11:26:35,41.2,"Residential, Corozal, Puerto Rico, 00783","Residential, Corozal, Puerto Rico, 00783",18.26953,-66.334463,18.31787,-66.303995,13.18,3.89,3.39,Ineficiente,Recorrio 3.39x la distancia directa; la ruta fue mucho mas larga que el trayecto esperado.,Alternativa: reordenar paradas y comparar contra Google Routes antes del despacho. Para pasar a eficiente: 5.3 mi o menos; ahorro estimado 7.9 mi.,7.92
RPS 994-204 20 RR,0470009744,2026-10-02 10:49:02,2026-10-02 11:43:31,54.5,"Calle K (Residential), Hatillo, Puerto Rico, 00659","Calle 6 (Residential), Hatillo, Puerto Rico, 00659",18.42419,-66.790831,18.489413,-66.813991,11.07,4.76,2.33,Ineficiente,Recorrio 2.33x la distancia directa; la ruta fue mucho mas larga que el trayecto esperado.,Alternativa: reordenar paradas y comparar contra Google Routes antes del despacho. Para pasar a eficiente: 6.4 mi o menos; ahorro estimado 4.7 mi.,4.65
RPS 1038729 - LV,866846053691563,2026-10-02 11:11:06,2026-10-02 12:07:48,56.7,"Calle Alturas de Camuy (Residential), Camuy, Puerto Rico, 00627","Calle Aguja (Residential), Barceloneta, Puerto Rico, 00617",18.46662,-66.8736416,18.4378516,-66.5599316,0.02,20.66,0.0,Eficiente,Recorrio 0.0x la distancia directa; esta dentro del umbral operacional de 1.35x.,Mantener patron actual; usar como referencia para rutas similares.,0
RPS 933-090 12 LR,0470009730,2026-10-02 11:19:12,2026-10-02 11:30:30,11.3,"Doctors' Center Hospital (Hospital, 00-07-058), Calle Marginal, Manatí, Puerto Rico, 00674-0532","Church's Chicken (Fast_food), Calle Caribe, Vega Baja, Puerto Rico, 00639",18.434251,-66.475273,18.428461,-66.372813,8.24,6.73,1.22,Eficiente,Recorrio 1.22x la distancia directa; esta dentro del umbral operacional de 1.35x.,Mantener patron actual; usar como referencia para rutas similares.,0
RPS 996-332 21 EP,0470009726,2026-10-02 11:22:51,2026-10-02 11:44:59,22.1,"Extensión Villa Capri (Neighbourhood, residential, neighbourhood), San Juan, Puerto Rico, 00924","1x 115kV (Power Line, 37800, PREPA, line, 115000), San Juan, Puerto Rico, 00725",18.389383,-66.025533,18.34936,-66.079989,6.44,4.52,1.43,Revisar,Recorrio 1.43x la distancia directa; supera el umbral eficiente de 1.35x.,"Para ser eficiente debe acercarse a 6.1 mi o menos; posible ahorro 0.3 mi. Revisar trafico, secuencia de entregas y desvio autorizado.",0.34
RPS 1035617 - DV,866846053686225,2026-10-02 11:23:19,2026-10-02 11:42:57,19.6,"Carretera Hato Tejas (Tertiary, PR-862), Bayamon, Puerto Rico, 00959","Calle Kilómetro 2.3 (Residential), Toa Alta, Puerto Rico, 00953",18.3989266,-66.1932366,18.351185,-66.2154466,0,3.61,,Sin distancia suficiente,La salida y llegada estan demasiado cerca o falta odometro para evaluar eficiencia.,Validar GPS/odometro; esta ruta no tiene distancia suficiente para comparacion operacional.,0
RPS IRK-578 17 AM,0470009725,2026-10-02 11:27:45,2026-10-02 13:41:20,133.6,"Calle 9 (Residential), Arecibo, Puerto Rico, 00612","Service, Arecibo, Puerto Rico, 00612",18.450256,-66.742189,18.464955,-66.737196,2.52,1.07,2.36,Ineficiente,Recorrio 2.36x la distancia directa; la ruta fue mucho mas larga que el trayecto esperado.,Alternativa: reordenar paradas y comparar contra Google Routes antes del despacho. Para pasar a eficiente: 1.4 mi o menos; ahorro estimado 1.1 mi.,1.08
RPS 994-209 19 MD,0470009727,2026-10-02 11:37:59,2026-10-02 12:08:11,30.2,"Residential, Corozal, Puerto Rico, 00783","Carretera Barranquitas - Naranjito (Secondary, PR-152), Naranjito, Puerto Rico, 00719",18.31787,-66.303995,18.275331,-66.271293,8.52,3.64,2.34,Ineficiente,Recorrio 2.34x la distancia directa; la ruta fue mucho mas larga que el trayecto esperado.,Alternativa: reordenar paradas y comparar contra Google Routes antes del despacho. Para pasar a eficiente: 4.9 mi o menos; ahorro estimado 3.6 mi.,3.61
RPS 996-332 21 EP,0470009726,2026-10-02 11:47:36,2026-10-02 12:33:16,45.7,"1x 115kV (Power Line, 37800, PREPA, line, 115000), San Juan, Puerto Rico, 00725","Camino Los Cotto (Residential), San Juan, Puerto Rico, 00926",18.349353,-66.079986,18.321078,-66.063796,3.33,2.22,1.5,Revisar,Recorrio 1.5x la distancia directa; supera el umbral eficiente de 1.35x.,"Para ser eficiente debe acercarse a 3.0 mi o menos; posible ahorro 0.3 mi. Revisar trafico, secuencia de entregas y desvio autorizado.",0.33
RPS 1035617 - DV,866846053686225,2026-10-02 11:48:33,2026-10-02 13:02:18,73.8,"Calle Kilómetro 2.3 (Residential), Toa Alta, Puerto Rico, 00953","Calle J (Residential), Hatillo, Puerto Rico, 00659",18.351185,-66.2154466,18.48871,-66.7904199,0,38.87,,Sin distancia suficiente,La salida y llegada estan demasiado cerca o falta odometro para evaluar eficiencia.,Validar GPS/odometro; esta ruta no tiene distancia suficiente para comparacion operacional.,0
RPS 994-204 20 RR,0470009744,2026-10-02 11:53:50,2026-10-02 13:14:37,80.8,"Calle 6 (Residential), Hatillo, Puerto Rico, 00659","Carretera Biáfara (Tertiary, PR-637), Arecibo, Puerto Rico, 00688",18.489413,-66.813991,18.403488,-66.667896,18.18,11.27,1.61,Revisar,Recorrio 1.61x la distancia directa; supera el umbral eficiente de 1.35x.,"Para ser eficiente debe acercarse a 15.2 mi o menos; posible ahorro 3.0 mi. Revisar trafico, secuencia de entregas y desvio autorizado.",2.97
RPS 933-090 12 LR,0470009730,2026-10-02 12:08:04,2026-10-02 13:17:17,69.2,"Church's Chicken (Fast_food), Calle Caribe, Vega Baja, Puerto Rico, 00639","Residential, Caguas, Puerto Rico, 00725",18.428461,-66.372813,18.302725,-66.052616,30.23,22.72,1.33,Eficiente,Recorrio 1.33x la distancia directa; esta dentro del umbral operacional de 1.35x.,Mantener patron actual; usar como referencia para rutas similares.,0
RPS 933-089 11 EO,0470009731,2026-10-02 12:44:59,2026-10-02 12:45:28,0.5,"Residential, Manati, Puerto Rico, 00674","Residential, Manati, Puerto Rico, 00674",18.42452,-66.475629,18.42452,-66.475629,0,0.0,,Sin distancia suficiente,La salida y llegada estan demasiado cerca o falta odometro para evaluar eficiencia.,Validar GPS/odometro; esta ruta no tiene distancia suficiente para comparacion operacional.,0
RPS 994-209 19 MD,0470009727,2026-10-02 12:47:00,2026-10-02 12:56:36,9.6,"Carretera Barranquitas - Naranjito (Secondary, PR-152), Naranjito, Puerto Rico, 00719","Camino El Mirador (Residential), Naranjito, Puerto Rico, 00719",18.275331,-66.271293,18.287848,-66.272423,1.43,0.87,1.65,Revisar,Recorrio 1.65x la distancia directa; supera el umbral eficiente de 1.35x.,"Para ser eficiente debe acercarse a 1.2 mi o menos; posible ahorro 0.3 mi. Revisar trafico, secuencia de entregas y desvio autorizado.",0.26
RPS 933-089 11 EO,0470009731,2026-10-02 12:52:41,2026-10-02 12:53:28,0.8,"Residential, Manati, Puerto Rico, 00674","Carretera 670 (Tertiary, PR-670), Manati, Puerto Rico, 00693",18.42452,-66.475629,18.424495,-66.475686,0.08,0.0,,Sin distancia suficiente,La salida y llegada estan demasiado cerca o falta odometro para evaluar eficiencia.,Validar GPS/odometro; esta ruta no tiene distancia suficiente para comparacion operacional.,0
RPS 996-332 21 EP,0470009726,2026-10-02 12:53:07,2026-10-02 13:41:54,48.8,"Camino Los Cotto (Residential), San Juan, Puerto Rico, 00926","Calle Salustiano Remigio (Residential), Toa Baja, Puerto Rico, 00949",18.321078,-66.063796,18.441553,-66.254826,23.74,15.04,1.58,Revisar,Recorrio 1.58x la distancia directa; supera el umbral eficiente de 1.35x.,"Para ser eficiente debe acercarse a 20.3 mi o menos; posible ahorro 3.4 mi. Revisar trafico, secuencia de entregas y desvio autorizado.",3.43
RPS 1038729 - LV,866846053691563,2026-10-02 13:07:51,2026-10-02 13:30:55,23.1,"Calle Aguja (Residential), Barceloneta, Puerto Rico, 00617","Carretera 670 (Tertiary, PR-670), Manati, Puerto Rico, 00693",18.4378516,-66.5599316,18.4243066,-66.4755883,0.01,5.61,0.0,Eficiente,Recorrio 0.0x la distancia directa; esta dentro del umbral operacional de 1.35x.,Mantener patron actual; usar como referencia para rutas similares.,0
RPS 994-209 19 MD,0470009727,2026-10-02 13:16:01,2026-10-02 14:06:54,50.9,"Camino El Mirador (Residential), Naranjito, Puerto Rico, 00719","PR-779 (Secondary), Comerio, Puerto Rico, 00782",18.287848,-66.272423,18.225325,-66.23835,17.87,4.86,3.67,Ineficiente,Recorrio 3.67x la distancia directa; la ruta fue mucho mas larga que el trayecto esperado.,Alternativa: reordenar paradas y comparar contra Google Routes antes del despacho. Para pasar a eficiente: 6.6 mi o menos; ahorro estimado 11.3 mi.,11.31
RPS 1035617 - DV,866846053686225,2026-10-02 13:18:31,2026-10-02 13:43:39,25.1,"Calle J (Residential), Hatillo, Puerto Rico, 00659","Carretera Militar (Trunk, PR-2), Camuy, Puerto Rico, 00627",18.48871,-66.7904199,18.4803766,-66.9388366,0,9.74,,Sin distancia suficiente,La salida y llegada estan demasiado cerca o falta odometro para evaluar eficiencia.,Validar GPS/odometro; esta ruta no tiene distancia suficiente para comparacion operacional.,0
RPS-985-742-18 ER,0470009732,2026-10-02 13:20:03,2026-10-02 13:21:09,1.1,"Residential, Manati, Puerto Rico, 00674","Residential, Manati, Puerto Rico, 00674",18.424469,-66.475439,18.424703,-66.475456,0.03,0.02,,Sin distancia suficiente,La salida y llegada estan demasiado cerca o falta odometro para evaluar eficiencia.,Validar GPS/odometro; esta ruta no tiene distancia suficiente para comparacion operacional.,0
RPS-985-742-18 ER,0470009732,2026-10-02 13:24:04,2026-10-02 13:25:56,1.9,"Residential, Manati, Puerto Rico, 00674","Residential, Manati, Puerto Rico, 00674",18.424703,-66.475456,18.424478,-66.475471,0.03,0.02,,Sin distancia suficiente,La salida y llegada estan demasiado cerca o falta odometro para evaluar eficiencia.,Validar GPS/odometro; esta ruta no tiene distancia suficiente para comparacion operacional.,0
RPS 994-204 20 RR,0470009744,2026-10-02 13:25:03,2026-10-02 13:48:30,23.4,"Carretera Biáfara (Tertiary, PR-637), Arecibo, Puerto Rico, 00688","Calle 17 (Residential), Barceloneta, Puerto Rico, 00617",18.403515,-66.667936,18.440878,-66.579888,8.15,6.32,1.29,Eficiente,Recorrio 1.29x la distancia directa; esta dentro del umbral operacional de 1.35x.,Mantener patron actual; usar como referencia para rutas similares.,0
RPS 933-090 12 LR,0470009730,2026-10-02 13:33:39,2026-10-02 14:50:37,77.0,"Residential, Caguas, Puerto Rico, 00725","PR-9902 (Tertiary), Yabucoa, Puerto Rico, 00767",18.302725,-66.052616,18.101081,-65.907349,26.41,16.88,1.56,Revisar,Recorrio 1.56x la distancia directa; supera el umbral eficiente de 1.35x.,"Para ser eficiente debe acercarse a 22.8 mi o menos; posible ahorro 3.6 mi. Revisar trafico, secuencia de entregas y desvio autorizado.",3.62
RPS IRK-578 17 AM,0470009725,2026-10-02 13:50:57,2026-10-02 15:37:38,106.7,"Service, Arecibo, Puerto Rico, 00612","Residential, Manati, Puerto Rico, 00674",18.464955,-66.737196,18.42441,-66.475481,22.49,17.38,1.29,Eficiente,Recorrio 1.29x la distancia directa; esta dentro del umbral operacional de 1.35x.,Mantener patron actual; usar como referencia para rutas similares.,0
RPS 996-332 21 EP,0470009726,2026-10-02 13:51:14,2026-10-02 14:25:59,34.8,"Calle Salustiano Remigio (Residential), Toa Baja, Puerto Rico, 00949","Service, Manati, Puerto Rico, 00674",18.441553,-66.254826,18.444853,-66.457226,16.26,13.27,1.23,Eficiente,Recorrio 1.23x la distancia directa; esta dentro del umbral operacional de 1.35x.,Mantener patron actual; usar como referencia para rutas similares.,0
RPS 994-204 20 RR,0470009744,2026-10-02 13:57:15,2026-10-02 14:25:15,28.0,"Calle 17 (Residential), Barceloneta, Puerto Rico, 00617","Residential, Manati, Puerto Rico, 00674",18.440878,-66.579888,18.44724,-66.459745,10.81,7.89,1.37,Revisar,Recorrio 1.37x la distancia directa; supera el umbral eficiente de 1.35x.,"Para ser eficiente debe acercarse a 10.6 mi o menos; posible ahorro 0.2 mi. Revisar trafico, secuencia de entregas y desvio autorizado.",0.16
RPS 1035617 - DV,866846053686225,2026-10-02 14:08:53,2026-10-02 14:25:05,16.2,"Carretera Militar (Trunk, PR-2), Camuy, Puerto Rico, 00627","Carretera Principal Charcas (Tertiary, PR-437), Quebradillas, Puerto Rico, 00678",18.4803766,-66.9388366,18.41146,-66.931005,0,4.79,,Sin distancia suficiente,La salida y llegada estan demasiado cerca o falta odometro para evaluar eficiencia.,Validar GPS/odometro; esta ruta no tiene distancia suficiente para comparacion operacional.,0
RPS 994-209 19 MD,0470009727,2026-10-02 14:14:27,2026-10-02 14:53:09,38.7,"PR-779 (Secondary), Comerio, Puerto Rico, 00782","Residential, Naranjito, Puerto Rico, 00719",18.225325,-66.23835,18.318556,-66.266139,14.5,6.69,2.17,Ineficiente,Recorrio 2.17x la distancia directa; la ruta fue mucho mas larga que el trayecto esperado.,Alternativa: reordenar paradas y comparar contra Google Routes antes del despacho. Para pasar a eficiente: 9.0 mi o menos; ahorro estimado 5.5 mi.,5.46
RPS 994-204 20 RR,0470009744,2026-10-02 14:25:21,2026-10-02 14:25:34,0.2,"Residential, Manati, Puerto Rico, 00674","Residential, Manati, Puerto Rico, 00674",18.44724,-66.459745,18.447295,-66.459758,0.0,0.0,,Sin distancia suficiente,La salida y llegada estan demasiado cerca o falta odometro para evaluar eficiencia.,Validar GPS/odometro; esta ruta no tiene distancia suficiente para comparacion operacional.,0
RPS 996-332 21 EP,0470009726,2026-10-02 14:30:05,2026-10-02 14:40:10,10.1,"Service, Manati, Puerto Rico, 00674","Roof, Carretera Militar, Manatí, Puerto Rico, 00674",18.444853,-66.457226,18.432179,-66.476919,3.09,1.56,1.98,Ineficiente,Recorrio 1.98x la distancia directa; la ruta fue mucho mas larga que el trayecto esperado.,Alternativa: reordenar paradas y comparar contra Google Routes antes del despacho. Para pasar a eficiente: 2.1 mi o menos; ahorro estimado 1.0 mi.,0.98
RPS 994-204 20 RR,0470009744,2026-10-02 14:40:22,2026-10-02 15:10:10,29.8,"Residential, Manati, Puerto Rico, 00674","Residential, Manati, Puerto Rico, 00674",18.447296,-66.459758,18.424753,-66.475431,6.68,1.87,3.58,Ineficiente,Recorrio 3.58x la distancia directa; la ruta fue mucho mas larga que el trayecto esperado.,Alternativa: reordenar paradas y comparar contra Google Routes antes del despacho. Para pasar a eficiente: 2.5 mi o menos; ahorro estimado 4.2 mi.,4.17
RPS 996-332 21 EP,0470009726,2026-10-02 14:48:15,2026-10-02 14:53:15,5.0,"Roof, Carretera Militar, Manatí, Puerto Rico, 00674","Residential, Manati, Puerto Rico, 00674",18.432179,-66.476911,18.424783,-66.475458,0.74,0.52,1.43,Revisar,Recorrio 1.43x la distancia directa; supera el umbral eficiente de 1.35x.,"Para ser eficiente debe acercarse a 0.7 mi o menos; posible ahorro 0.0 mi. Revisar trafico, secuencia de entregas y desvio autorizado.",0.04
RPS 994-209 19 MD,0470009727,2026-10-02 15:00:27,2026-10-02 15:15:05,14.6,"Residential, Naranjito, Puerto Rico, 00719","Residential, Naranjito, Puerto Rico, 00719",18.318555,-66.266139,18.329173,-66.267489,2.25,0.74,3.04,Ineficiente,Recorrio 3.04x la distancia directa; la ruta fue mucho mas larga que el trayecto esperado.,Alternativa: reordenar paradas y comparar contra Google Routes antes del despacho. Para pasar a eficiente: 1.0 mi o menos; ahorro estimado 1.2 mi.,1.25
RPS 996-332 21 EP,0470009726,2026-10-02 15:02:54,2026-10-02 15:09:08,6.2,"Residential, Manati, Puerto Rico, 00674","Residential, Manati, Puerto Rico, 00674",18.424783,-66.475458,18.424491,-66.475446,0.05,0.02,,Sin distancia suficiente,La salida y llegada estan demasiado cerca o falta odometro para evaluar eficiencia.,Validar GPS/odometro; esta ruta no tiene distancia suficiente para comparacion operacional.,0
RPS 994-204 20 RR,0470009744,2026-10-02 15:16:31,2026-10-02 15:17:24,0.9,"Residential, Manati, Puerto Rico, 00674","Residential, Manati, Puerto Rico, 00674",18.424753,-66.475431,18.424468,-66.475483,0.05,0.02,,Sin distancia suficiente,La salida y llegada estan demasiado cerca o falta odometro para evaluar eficiencia.,Validar GPS/odometro; esta ruta no tiene distancia suficiente para comparacion operacional.,0
RPS 994-209 19 MD,0470009727,2026-10-02 15:22:57,2026-10-02 15:37:17,14.3,"Residential, Naranjito, Puerto Rico, 00719","Carretera Toa Alta - Corozal (Secondary, PR-159), Corozal, Puerto Rico, 00783",18.329173,-66.267488,18.344131,-66.303408,4.25,2.57,1.65,Revisar,Recorrio 1.65x la distancia directa; supera el umbral eficiente de 1.35x.,"Para ser eficiente debe acercarse a 3.5 mi o menos; posible ahorro 0.8 mi. Revisar trafico, secuencia de entregas y desvio autorizado.",0.78
RPS 1035617 - DV,866846053686225,2026-10-02 15:43:30,2026-10-02 16:04:27,20.9,"Carretera Principal Charcas (Tertiary, PR-437), Quebradillas, Puerto Rico, 00678","Carretera Miguel de Hernández Elías (Secondary, PR-119), Camuy, Puerto Rico, 00627",18.41146,-66.931005,18.472865,-66.8520916,0,6.69,,Sin distancia suficiente,La salida y llegada estan demasiado cerca o falta odometro para evaluar eficiencia.,Validar GPS/odometro; esta ruta no tiene distancia suficiente para comparacion operacional.,0
RPS 994-209 19 MD,0470009727,2026-10-02 16:04:29,2026-10-02 16:49:31,45.0,"Residential, Corozal, Puerto Rico, 00783","Residential, Manati, Puerto Rico, 00674",18.317245,-66.344463,18.424441,-66.475501,19.76,11.34,1.74,Revisar,Recorrio 1.74x la distancia directa; supera el umbral eficiente de 1.35x.,"Para ser eficiente debe acercarse a 15.3 mi o menos; posible ahorro 4.4 mi. Revisar trafico, secuencia de entregas y desvio autorizado.",4.45
RPS 1035617 - DV,866846053686225,2026-10-02 16:13:21,2026-10-02 16:36:19,23.0,"Carretera Miguel de Hernández Elías (Secondary, PR-119), Camuy, Puerto Rico, 00627","Carretera Principal Charcas (Tertiary, PR-437), Quebradillas, Puerto Rico, 00678",18.472865,-66.8520916,18.4114383,-66.9309266,0,6.69,,Sin distancia suficiente,La salida y llegada estan demasiado cerca o falta odometro para evaluar eficiencia.,Validar GPS/odometro; esta ruta no tiene distancia suficiente para comparacion operacional.,0
RPS 933-090 12 LR,0470009730,2026-10-02 16:14:21,2026-10-02 16:20:32,6.2,"PR-9902 (Tertiary), Yabucoa, Puerto Rico, 00767","Residential, Yabucoa, Puerto Rico, 00767",18.101081,-65.907349,18.099395,-65.899426,1.64,0.53,3.07,Ineficiente,Recorrio 3.07x la distancia directa; la ruta fue mucho mas larga que el trayecto esperado.,Alternativa: reordenar paradas y comparar contra Google Routes antes del despacho. Para pasar a eficiente: 0.7 mi o menos; ahorro estimado 0.9 mi.,0.92
RPS IRK-578 17 AM,0470009725,2026-10-02 16:26:20,2026-10-02 16:27:13,0.9,"Residential, Manati, Puerto Rico, 00674","Residential, Manati, Puerto Rico, 00674",18.42441,-66.475481,18.424443,-66.47552,0.03,0.0,,Sin distancia suficiente,La salida y llegada estan demasiado cerca o falta odometro para evaluar eficiencia.,Validar GPS/odometro; esta ruta no tiene distancia suficiente para comparacion operacional.,0
RPS 1038729 - LV,866846053691563,2026-10-02 16:27:34,2026-10-02 16:28:48,1.2,"Carretera 670 (Tertiary, PR-670), Manati, Puerto Rico, 00693","Residential, Manati, Puerto Rico, 00674",18.4243066,-66.4755883,18.4248616,-66.4755116,0.0,0.04,,Sin distancia suficiente,La salida y llegada estan demasiado cerca o falta odometro para evaluar eficiencia.,Validar GPS/odometro; esta ruta no tiene distancia suficiente para comparacion operacional.,0
RPS 1035617 - DV,866846053686225,2026-10-02 23:49:02,2026-10-02 23:49:26,0.4,"Carretera Principal Charcas (Tertiary, PR-437), Quebradillas, Puerto Rico, 00678","Carretera Principal Charcas (Tertiary, PR-437), Quebradillas, Puerto Rico, 00678",18.4114383,-66.9309266,18.4114383,-66.9309266,0,0.0,,Sin distancia suficiente,La salida y llegada estan demasiado cerca o falta odometro para evaluar eficiencia.,Validar GPS/odometro; esta ruta no tiene distancia suficiente para comparacion operacional.,0
RPS 933-090 12 LR,0470009730,2026-10-03 12:25:19,2026-10-03 12:26:12,0.9,"Residential, Yabucoa, Puerto Rico, 00767","Residential, Yabucoa, Puerto Rico, 00767",18.099395,-65.899426,18.099275,-65.899001,0.03,0.03,,Sin distancia suficiente,La salida y llegada estan demasiado cerca o falta odometro para evaluar eficiencia.,Validar GPS/odometro; esta ruta no tiene distancia suficiente para comparacion operacional.,0
RPS IRK-578 17 AM,0470009725,2026-10-04 04:19:57,2026-10-04 04:20:47,0.8,"Residential, Manati, Puerto Rico, 00674","Residential, Manati, Puerto Rico, 00674",18.424443,-66.47552,18.42464,-66.47559,0.01,0.01,,Sin distancia suficiente,La salida y llegada estan demasiado cerca o falta odometro para evaluar eficiencia.,Validar GPS/odometro; esta ruta no tiene distancia suficiente para comparacion operacional.,0
RPS 994-209 19 MD,0470009727,2026-10-04 04:22:48,2026-10-04 04:23:41,0.9,"Residential, Manati, Puerto Rico, 00674","Residential, Manati, Puerto Rico, 00674",18.42444,-66.4755,18.42463,-66.475568,0.16,0.01,,Sin distancia suficiente,La salida y llegada estan demasiado cerca o falta odometro para evaluar eficiencia.,Validar GPS/odometro; esta ruta no tiene distancia suficiente para comparacion operacional.,0
RPS 994-204 20 RR,0470009744,2026-10-04 04:25:01,2026-10-04 04:25:58,0.9,"Residential, Manati, Puerto Rico, 00674","Residential, Manati, Puerto Rico, 00674",18.424474,-66.475489,18.424583,-66.475483,0.0,0.01,,Sin distancia suficiente,La salida y llegada estan demasiado cerca o falta odometro para evaluar eficiencia.,Validar GPS/odometro; esta ruta no tiene distancia suficiente para comparacion operacional.,0
RPS 996-332 21 EP,0470009726,2026-10-04 04:29:50,2026-10-04 04:30:36,0.8,"Residential, Manati, Puerto Rico, 00674","Residential, Manati, Puerto Rico, 00674",18.424491,-66.475446,18.424568,-66.475565,0.02,0.01,,Sin distancia suficiente,La salida y llegada estan demasiado cerca o falta odometro para evaluar eficiencia.,Validar GPS/odometro; esta ruta no tiene distancia suficiente para comparacion operacional.,0
RPS-985-742-18 ER,0470009732,2026-10-04 04:31:02,2026-10-04 04:31:53,0.8,"Residential, Manati, Puerto Rico, 00674","Residential, Manati, Puerto Rico, 00674",18.424478,-66.475471,18.424778,-66.475375,0.03,0.02,,Sin distancia suficiente,La salida y llegada estan demasiado cerca o falta odometro para evaluar eficiencia.,Validar GPS/odometro; esta ruta no tiene distancia suficiente para comparacion operacional.,0
RPS 933-089 11 EO,0470009731,2026-10-04 04:37:41,2026-10-04 04:38:16,0.6,"Carretera 670 (Tertiary, PR-670), Manati, Puerto Rico, 00693","Residential, Manati, Puerto Rico, 00674",18.424495,-66.475683,18.42457,-66.475545,0.01,0.01,,Sin distancia suficiente,La salida y llegada estan demasiado cerca o falta odometro para evaluar eficiencia.,Validar GPS/odometro; esta ruta no tiene distancia suficiente para comparacion operacional.,0
RPS 933-089 11 EO,0470009731,2026-10-04 06:00:27,2026-10-04 06:01:48,1.4,"Residential, Manati, Puerto Rico, 00674","Carretera 670 (Tertiary, PR-670), Manati, Puerto Rico, 00693",18.424563,-66.475548,18.424431,-66.475608,0.02,0.01,,Sin distancia suficiente,La salida y llegada estan demasiado cerca o falta odometro para evaluar eficiencia.,Validar GPS/odometro; esta ruta no tiene distancia suficiente para comparacion operacional.,0
RPS-985-742-18 ER,0470009732,2026-10-04 06:03:43,2026-10-04 06:04:39,0.9,"Residential, Manati, Puerto Rico, 00674","Residential, Manati, Puerto Rico, 00674",18.424635,-66.475443,18.424428,-66.475483,0.03,0.01,,Sin distancia suficiente,La salida y llegada estan demasiado cerca o falta odometro para evaluar eficiencia.,Validar GPS/odometro; esta ruta no tiene distancia suficiente para comparacion operacional.,0
RPS 994-209 19 MD,0470009727,2026-10-04 06:22:50,2026-10-04 06:24:18,1.5,"Residential, Manati, Puerto Rico, 00674","Residential, Manati, Puerto Rico, 00674",18.424631,-66.475566,18.424455,-66.475458,0.06,0.01,,Sin distancia suficiente,La salida y llegada estan demasiado cerca o falta odometro para evaluar eficiencia.,Validar GPS/odometro; esta ruta no tiene distancia suficiente para comparacion operacional.,0
RPS 994-204 20 RR,0470009744,2026-10-04 06:25:09,2026-10-04 06:26:09,1.0,"Residential, Manati, Puerto Rico, 00674","Residential, Manati, Puerto Rico, 00674",18.424583,-66.475483,18.424446,-66.475489,0.07,0.01,,Sin distancia suficiente,La salida y llegada estan demasiado cerca o falta odometro para evaluar eficiencia.,Validar GPS/odometro; esta ruta no tiene distancia suficiente para comparacion operacional.,0
RPS 996-332 21 EP,0470009726,2026-10-04 06:31:04,2026-10-04 06:31:50,0.8,"Residential, Manati, Puerto Rico, 00674","Carretera 670 (Tertiary, PR-670), Manati, Puerto Rico, 00693",18.424568,-66.475556,18.424425,-66.475518,0.06,0.01,,Sin distancia suficiente,La salida y llegada estan demasiado cerca o falta odometro para evaluar eficiencia.,Validar GPS/odometro; esta ruta no tiene distancia suficiente para comparacion operacional.,0
RPS 933-090 12 LR,0470009730,2026-10-04 12:00:31,2026-10-04 12:03:24,2.9,"Residential, Yabucoa, Puerto Rico, 00767","Residential, Yabucoa, Puerto Rico, 00767",18.099427,-65.899438,18.099373,-65.899431,0.01,0.0,,Sin distancia suficiente,La salida y llegada estan demasiado cerca o falta odometro para evaluar eficiencia.,Validar GPS/odometro; esta ruta no tiene distancia suficiente para comparacion operacional.,0
RPS 933-090 12 LR,0470009730,2026-10-04 13:11:16,2026-10-04 13:11:50,0.6,"Residential, Yabucoa, Puerto Rico, 00767","Residential, Yabucoa, Puerto Rico, 00767",18.099373,-65.899431,18.099363,-65.899288,0.06,0.01,,Sin distancia suficiente,La salida y llegada estan demasiado cerca o falta odometro para evaluar eficiencia.,Validar GPS/odometro; esta ruta no tiene distancia suficiente para comparacion operacional.,0
RPS 933-090 12 LR,0470009730,2026-10-04 18:05:29,2026-10-04 18:08:00,2.5,"Residential, Yabucoa, Puerto Rico, 00767","Residential, Yabucoa, Puerto Rico, 00767",18.099363,-65.899288,18.09947,-65.899465,0.06,0.01,,Sin distancia suficiente,La salida y llegada estan demasiado cerca o falta odometro para evaluar eficiencia.,Validar GPS/odometro; esta ruta no tiene distancia suficiente para comparacion operacional.,0
RPS 933-091 13 ME,0470009728,2026-10-04 18:56:15,2026-10-04 18:57:51,1.6,"Residential, Manati, Puerto Rico, 00674","Residential, Manati, Puerto Rico, 00674",18.418611,-66.462011,18.418668,-66.462109,0.05,0.01,,Sin distancia suficiente,La salida y llegada estan demasiado cerca o falta odometro para evaluar eficiencia.,Validar GPS/odometro; esta ruta no tiene distancia suficiente para comparacion operacional.,0
RPS 933-091 13 ME,0470009728,2026-10-04 19:36:29,2026-10-04 19:37:37,1.1,"Residential, Manati, Puerto Rico, 00674","Residential, Manati, Puerto Rico, 00674",18.418668,-66.462109,18.418598,-66.46201,0.05,0.01,,Sin distancia suficiente,La salida y llegada estan demasiado cerca o falta odometro para evaluar eficiencia.,Validar GPS/odometro; esta ruta no tiene distancia suficiente para comparacion operacional.,0
RPS 1035617 - DV,866846053686225,2026-10-05 06:52:36,2026-10-05 07:06:13,13.6,"Carretera Principal Charcas (Tertiary, PR-437), Quebradillas, Puerto Rico, 00678","Total (Convenience), Carretera Militar, Camuy, Puerto Rico, 00627",18.4114383,-66.9309266,18.464805,-66.88739,0,4.66,,Sin distancia suficiente,La salida y llegada estan demasiado cerca o falta odometro para evaluar eficiencia.,Validar GPS/odometro; esta ruta no tiene distancia suficiente para comparacion operacional.,0
RPS 994-204 20 RR,0470009744,2026-10-05 06:59:26,2026-10-05 08:19:36,80.2,"Residential, Manati, Puerto Rico, 00674","Calle Wilson (Secondary, Carretera 24, PR-24), Catano, Puerto Rico, 00962",18.424446,-66.475496,18.439968,-66.117728,27.02,23.48,1.15,Eficiente,Recorrio 1.15x la distancia directa; esta dentro del umbral operacional de 1.35x.,Mantener patron actual; usar como referencia para rutas similares.,0
RPS 996-332 21 EP,0470009726,2026-10-05 07:01:09,2026-10-05 07:03:42,2.5,"Carretera 670 (Tertiary, PR-670), Manati, Puerto Rico, 00693","Residential, Manati, Puerto Rico, 00674",18.424418,-66.475531,18.424441,-66.475519,0.0,0.0,,Sin distancia suficiente,La salida y llegada estan demasiado cerca o falta odometro para evaluar eficiencia.,Validar GPS/odometro; esta ruta no tiene distancia suficiente para comparacion operacional.,0
RPS 996-332 21 EP,0470009726,2026-10-05 07:05:08,2026-10-05 07:39:55,34.8,"Residential, Manati, Puerto Rico, 00674","Calle J (Residential), Arecibo, Puerto Rico, 00688",18.424439,-66.475517,18.417225,-66.615795,14.94,9.21,1.62,Revisar,Recorrio 1.62x la distancia directa; supera el umbral eficiente de 1.35x.,"Para ser eficiente debe acercarse a 12.4 mi o menos; posible ahorro 2.5 mi. Revisar trafico, secuencia de entregas y desvio autorizado.",2.51
RPS-985-742-18 ER,0470009732,2026-10-05 07:07:34,2026-10-05 07:55:04,47.5,"Residential, Manati, Puerto Rico, 00674","Residential, Vega Alta, Puerto Rico, 00692",18.424426,-66.475483,18.44653,-66.332931,13.03,9.47,1.38,Revisar,Recorrio 1.38x la distancia directa; supera el umbral eficiente de 1.35x.,"Para ser eficiente debe acercarse a 12.8 mi o menos; posible ahorro 0.2 mi. Revisar trafico, secuencia de entregas y desvio autorizado.",0.25
RPS 1035617 - DV,866846053686225,2026-10-05 07:10:45,2026-10-05 08:01:31,50.8,"Total (Convenience), Carretera Militar, Camuy, Puerto Rico, 00627","Residential, Manati, Puerto Rico, 00674",18.464805,-66.88739,18.4247516,-66.4754533,0,27.14,,Sin distancia suficiente,La salida y llegada estan demasiado cerca o falta odometro para evaluar eficiencia.,Validar GPS/odometro; esta ruta no tiene distancia suficiente para comparacion operacional.,0
RPS IRK-578 17 AM,0470009725,2026-10-05 07:34:43,2026-10-05 08:06:04,31.4,"Residential, Manati, Puerto Rico, 00674","Roof, Carretera Militar, Manatí, Puerto Rico, 00674",18.424644,-66.475596,18.432191,-66.476883,1.61,0.53,3.05,Ineficiente,Recorrio 3.05x la distancia directa; la ruta fue mucho mas larga que el trayecto esperado.,Alternativa: reordenar paradas y comparar contra Google Routes antes del despacho. Para pasar a eficiente: 0.7 mi o menos; ahorro estimado 0.9 mi.,0.9
RPS 996-332 21 EP,0470009726,2026-10-05 07:45:39,2026-10-05 07:48:59,3.3,"Calle J (Residential), Arecibo, Puerto Rico, 00688","Residential, Arecibo, Puerto Rico, 00688",18.417225,-66.615795,18.419195,-66.611118,0.51,0.34,1.51,Revisar,Recorrio 1.51x la distancia directa; supera el umbral eficiente de 1.35x.,"Para ser eficiente debe acercarse a 0.5 mi o menos; posible ahorro 0.1 mi. Revisar trafico, secuencia de entregas y desvio autorizado.",0.05
RPS 933-091 13 ME,0470009728,2026-10-05 07:50:53,2026-10-05 07:51:20,0.5,"Residential, Manati, Puerto Rico, 00674","Residential, Manati, Puerto Rico, 00674",18.418598,-66.462013,18.418598,-66.462013,0,0.0,,Sin distancia suficiente,La salida y llegada estan demasiado cerca o falta odometro para evaluar eficiencia.,Validar GPS/odometro; esta ruta no tiene distancia suficiente para comparacion operacional.,0
RPS 996-332 21 EP,0470009726,2026-10-05 07:51:05,2026-10-05 08:07:49,16.7,"Residential, Arecibo, Puerto Rico, 00688","Residential, Arecibo, Puerto Rico, 00688",18.419195,-66.611118,18.39594,-66.60632,2.07,1.64,1.26,Eficiente,Recorrio 1.26x la distancia directa; esta dentro del umbral operacional de 1.35x.,Mantener patron actual; usar como referencia para rutas similares.,0
RPS IRK-578 17 AM,0470009725,2026-10-05 08:10:32,2026-10-05 10:32:01,141.5,"Roof, Carretera Militar, Manatí, Puerto Rico, 00674","Calle Félix Lamela (Tertiary, PR-485), Quebradillas, Puerto Rico, 00678",18.432191,-66.476876,18.473681,-66.935191,35.6,30.17,1.18,Eficiente,Recorrio 1.18x la distancia directa; esta dentro del umbral operacional de 1.35x.,Mantener patron actual; usar como referencia para rutas similares.,0
RPS 933-089 11 EO,0470009731,2026-10-05 08:15:14,2026-10-05 08:16:11,0.9,"Carretera 670 (Tertiary, PR-670), Manati, Puerto Rico, 00693","Carretera 670 (Tertiary, PR-670), Manati, Puerto Rico, 00693",18.424436,-66.475607,18.424428,-66.475598,0.0,0.0,,Sin distancia suficiente,La salida y llegada estan demasiado cerca o falta odometro para evaluar eficiencia.,Validar GPS/odometro; esta ruta no tiene distancia suficiente para comparacion operacional.,0
RPS 996-332 21 EP,0470009726,2026-10-05 08:17:50,2026-10-05 08:25:34,7.7,"Residential, Arecibo, Puerto Rico, 00688","Residential, Arecibo, Puerto Rico, 00688",18.39594,-66.60632,18.393283,-66.604358,0.8,0.22,3.57,Ineficiente,Recorrio 3.57x la distancia directa; la ruta fue mucho mas larga que el trayecto esperado.,Alternativa: reordenar paradas y comparar contra Google Routes antes del despacho. Para pasar a eficiente: 0.3 mi o menos; ahorro estimado 0.5 mi.,0.5
RPS-985-742-18 ER,0470009732,2026-10-05 08:21:03,2026-10-05 08:35:40,14.6,"Residential, Vega Alta, Puerto Rico, 00692","Calle Jacinto Seijo (Residential), Vega Alta, Puerto Rico, 00692",18.44653,-66.332931,18.411236,-66.329563,3.62,2.45,1.48,Revisar,Recorrio 1.48x la distancia directa; supera el umbral eficiente de 1.35x.,"Para ser eficiente debe acercarse a 3.3 mi o menos; posible ahorro 0.3 mi. Revisar trafico, secuencia de entregas y desvio autorizado.",0.32
RPS 933-091 13 ME,0470009728,2026-10-05 08:22:31,2026-10-05 08:28:33,6.0,"Carretera 670 (Tertiary, PR-670), Manati, Puerto Rico, 00693","Carretera 670 (Tertiary, PR-670), Manati, Puerto Rico, 00693",18.424388,-66.475534,18.424375,-66.475511,0.25,0.0,,Sin distancia suficiente,La salida y llegada estan demasiado cerca o falta odometro para evaluar eficiencia.,Validar GPS/odometro; esta ruta no tiene distancia suficiente para comparacion operacional.,0
RPS 994-204 20 RR,0470009744,2026-10-05 08:26:24,2026-10-05 08:35:23,9.0,"Calle Wilson (Secondary, Carretera 24, PR-24), Catano, Puerto Rico, 00962","Calle Atalaya (Residential), Catano, Puerto Rico, 00962",18.439968,-66.117728,18.43963,-66.116833,0.78,0.06,,Sin distancia suficiente,La salida y llegada estan demasiado cerca o falta odometro para evaluar eficiencia.,Validar GPS/odometro; esta ruta no tiene distancia suficiente para comparacion operacional.,0
RPS 933-089 11 EO,0470009731,2026-10-05 08:33:44,2026-10-05 08:37:40,3.9,"Carretera 670 (Tertiary, PR-670), Manati, Puerto Rico, 00693","Carretera 670 (Tertiary, PR-670), Manati, Puerto Rico, 00693",18.424428,-66.475598,18.424358,-66.475575,0.26,0.01,,Sin distancia suficiente,La salida y llegada estan demasiado cerca o falta odometro para evaluar eficiencia.,Validar GPS/odometro; esta ruta no tiene distancia suficiente para comparacion operacional.,0
RPS 1035617 - DV,866846053686225,2026-10-05 08:42:39,2026-10-05 09:29:06,46.5,"Residential, Manati, Puerto Rico, 00674","Urbanización Reparto Flamingo (Neighbourhood, residential, neighbourhood), Bayamon, Puerto Rico, 00959",18.4247516,-66.4754533,18.3940733,-66.1790933,0,19.54,,Sin distancia suficiente,La salida y llegada estan demasiado cerca o falta odometro para evaluar eficiencia.,Validar GPS/odometro; esta ruta no tiene distancia suficiente para comparacion operacional.,0
RPS 1038729 - LV,866846053691563,2026-10-05 08:43:05,2026-10-05 08:49:31,6.4,"Residential, Manati, Puerto Rico, 00674","Carretera 670 (Tertiary, PR-670), Manati, Puerto Rico, 00693",18.4248616,-66.4755116,18.42439,-66.475595,0.0,0.03,,Sin distancia suficiente,La salida y llegada estan demasiado cerca o falta odometro para evaluar eficiencia.,Validar GPS/odometro; esta ruta no tiene distancia suficiente para comparacion operacional.,0
RPS-985-742-18 ER,0470009732,2026-10-05 08:48:33,2026-10-05 09:05:16,16.7,"Calle Jacinto Seijo (Residential), Vega Alta, Puerto Rico, 00692","Carretera Pámpanos (Tertiary, PR-678), Vega Alta, Puerto Rico, 00692",18.411236,-66.329563,18.383853,-66.318688,3.33,2.02,1.65,Revisar,Recorrio 1.65x la distancia directa; supera el umbral eficiente de 1.35x.,"Para ser eficiente debe acercarse a 2.7 mi o menos; posible ahorro 0.6 mi. Revisar trafico, secuencia de entregas y desvio autorizado.",0.6
RPS 994-204 20 RR,0470009744,2026-10-05 08:51:16,2026-10-05 09:24:01,32.8,"Calle Atalaya (Residential), Catano, Puerto Rico, 00962","Calle 2 (Residential), Guaynabo, Puerto Rico, 00969",18.43963,-66.116833,18.383578,-66.117428,5.92,3.87,1.53,Revisar,Recorrio 1.53x la distancia directa; supera el umbral eficiente de 1.35x.,"Para ser eficiente debe acercarse a 5.2 mi o menos; posible ahorro 0.7 mi. Revisar trafico, secuencia de entregas y desvio autorizado.",0.69
RPS 933-089 11 EO,0470009731,2026-10-05 09:04:10,2026-10-05 09:45:33,41.4,"Carretera 670 (Tertiary, PR-670), Manati, Puerto Rico, 00693","Calle Felipe N. Arana (Residential), Toa Baja, Puerto Rico, 00949",18.424358,-66.475575,18.440696,-66.166915,23.93,20.26,1.18,Eficiente,Recorrio 1.18x la distancia directa; esta dentro del umbral operacional de 1.35x.,Mantener patron actual; usar como referencia para rutas similares.,0
RPS 1038729 - LV,866846053691563,2026-10-05 09:09:37,2026-10-05 10:30:27,80.8,"Carretera 670 (Tertiary, PR-670), Manati, Puerto Rico, 00693","Calle Rubí (Residential), Comerio, Puerto Rico, 00782",18.42439,-66.475595,18.2139566,-66.24535,0.02,20.96,0.0,Eficiente,Recorrio 0.0x la distancia directa; esta dentro del umbral operacional de 1.35x.,Mantener patron actual; usar como referencia para rutas similares.,0
RPS 996-332 21 EP,0470009726,2026-10-05 09:15:38,2026-10-05 09:19:28,3.8,"Calle 30 (Residential), Arecibo, Puerto Rico, 00612","Residential, Arecibo, Puerto Rico, 00612",18.46667,-66.755743,18.465778,-66.753676,0.2,0.15,,Sin distancia suficiente,La salida y llegada estan demasiado cerca o falta odometro para evaluar eficiencia.,Validar GPS/odometro; esta ruta no tiene distancia suficiente para comparacion operacional.,0
RPS-985-742-18 ER,0470009732,2026-10-05 09:22:16,2026-10-05 09:40:00,17.7,"Carretera Pámpanos (Tertiary, PR-678), Vega Alta, Puerto Rico, 00692","Calle Monseñor Berríos (Residential), Vega Alta, Puerto Rico, 00692",18.383853,-66.318688,18.417313,-66.319256,3.54,2.31,1.53,Revisar,Recorrio 1.53x la distancia directa; supera el umbral eficiente de 1.35x.,"Para ser eficiente debe acercarse a 3.1 mi o menos; posible ahorro 0.4 mi. Revisar trafico, secuencia de entregas y desvio autorizado.",0.42
RPS 996-332 21 EP,0470009726,2026-10-05 09:26:38,2026-10-05 09:48:31,21.9,"Residential, Arecibo, Puerto Rico, 00612","Calle Halcón (Residential), Hatillo, Puerto Rico, 00659",18.465778,-66.753678,18.480225,-66.78673,4.14,2.38,1.74,Revisar,Recorrio 1.74x la distancia directa; supera el umbral eficiente de 1.35x.,"Para ser eficiente debe acercarse a 3.2 mi o menos; posible ahorro 0.9 mi. Revisar trafico, secuencia de entregas y desvio autorizado.",0.92
RPS 994-204 20 RR,0470009744,2026-10-05 09:26:52,2026-10-05 09:29:54,3.0,"Calle 2 (Residential), Guaynabo, Puerto Rico, 00969","Condominio Torrimar Plaza (Residential, residential), Guaynabo, Puerto Rico, 00969",18.383578,-66.117428,18.383881,-66.118438,0.11,0.07,,Sin distancia suficiente,La salida y llegada estan demasiado cerca o falta odometro para evaluar eficiencia.,Validar GPS/odometro; esta ruta no tiene distancia suficiente para comparacion operacional.,0
RPS 1035617 - DV,866846053686225,2026-10-05 09:33:54,2026-10-05 10:01:34,27.7,"Urbanización Reparto Flamingo (Neighbourhood, residential, neighbourhood), Bayamon, Puerto Rico, 00959","Urbanización Bayamón Gardens (Neighbourhood, residential, neighbourhood), Bayamon, Puerto Rico, 00957",18.3940733,-66.1790933,18.3779183,-66.1883066,0,1.27,,Sin distancia suficiente,La salida y llegada estan demasiado cerca o falta odometro para evaluar eficiencia.,Validar GPS/odometro; esta ruta no tiene distancia suficiente para comparacion operacional.,0
RPS 994-204 20 RR,0470009744,2026-10-05 09:37:30,2026-10-05 09:52:57,15.4,"Condominio Torrimar Plaza (Residential, residential), Guaynabo, Puerto Rico, 00969","Condominio Doral Plaza (Apartments), Avenida Luis Vigoreaux Rivera, Guaynabo, Puerto Rico, 00966",18.383881,-66.118438,18.405918,-66.108388,2.56,1.66,1.54,Revisar,Recorrio 1.54x la distancia directa; supera el umbral eficiente de 1.35x.,"Para ser eficiente debe acercarse a 2.2 mi o menos; posible ahorro 0.3 mi. Revisar trafico, secuencia de entregas y desvio autorizado.",0.32
RPS 933-091 13 ME,0470009728,2026-10-05 09:49:50,2026-10-05 09:53:16,3.4,"Carretera 670 (Tertiary, PR-670), Manati, Puerto Rico, 00693","Residential, Manati, Puerto Rico, 00674",18.424376,-66.475511,18.424691,-66.475448,0.04,0.02,,Sin distancia suficiente,La salida y llegada estan demasiado cerca o falta odometro para evaluar eficiencia.,Validar GPS/odometro; esta ruta no tiene distancia suficiente para comparacion operacional.,0
RPS 933-089 11 EO,0470009731,2026-10-05 09:53:28,2026-10-05 10:11:53,18.4,"Calle Felipe N. Arana (Residential), Toa Baja, Puerto Rico, 00949","Calle Bambu (Residential), Bayamon, Puerto Rico, 00959",18.440696,-66.166915,18.39983,-66.195791,5.89,3.4,1.73,Revisar,Recorrio 1.73x la distancia directa; supera el umbral eficiente de 1.35x.,"Para ser eficiente debe acercarse a 4.6 mi o menos; posible ahorro 1.3 mi. Revisar trafico, secuencia de entregas y desvio autorizado.",1.3
RPS 996-332 21 EP,0470009726,2026-10-05 09:56:10,2026-10-05 10:25:13,29.1,"Calle Halcón (Residential), Hatillo, Puerto Rico, 00659","Calle Pedro Luis Cordero Matos (Residential), Camuy, Puerto Rico, 00627",18.480225,-66.78673,18.472023,-66.880025,7.2,6.14,1.17,Eficiente,Recorrio 1.17x la distancia directa; esta dentro del umbral operacional de 1.35x.,Mantener patron actual; usar como referencia para rutas similares.,0
RPS-985-742-18 ER,0470009732,2026-10-05 09:58:22,2026-10-05 10:33:03,34.7,"Calle Monseñor Berríos (Residential), Vega Alta, Puerto Rico, 00692","Calle Luis Muñoz Rivera (Residential), Dorado, Puerto Rico, 00646",18.417313,-66.319256,18.461585,-66.265181,8.75,4.68,1.87,Ineficiente,Recorrio 1.87x la distancia directa; la ruta fue mucho mas larga que el trayecto esperado.,Alternativa: reordenar paradas y comparar contra Google Routes antes del despacho. Para pasar a eficiente: 6.3 mi o menos; ahorro estimado 2.4 mi.,2.43
RPS 933-091 13 ME,0470009728,2026-10-05 10:00:13,2026-10-05 10:09:29,9.3,"Residential, Manati, Puerto Rico, 00674","Calle Cabo A. Elliot Vélez (Residential), Manati, Puerto Rico, 00674",18.424691,-66.475449,18.432846,-66.4843,1.32,0.81,1.63,Revisar,Recorrio 1.63x la distancia directa; supera el umbral eficiente de 1.35x.,"Para ser eficiente debe acercarse a 1.1 mi o menos; posible ahorro 0.2 mi. Revisar trafico, secuencia de entregas y desvio autorizado.",0.22
RPS 994-204 20 RR,0470009744,2026-10-05 10:01:06,2026-10-05 10:32:15,31.1,"Condominio Doral Plaza (Apartments), Avenida Luis Vigoreaux Rivera, Guaynabo, Puerto Rico, 00966","Residential, San Juan, Puerto Rico, 00926",18.405918,-66.108388,18.334123,-66.040326,11.69,6.67,1.75,Revisar,Recorrio 1.75x la distancia directa; supera el umbral eficiente de 1.35x.,"Para ser eficiente debe acercarse a 9.0 mi o menos; posible ahorro 2.7 mi. Revisar trafico, secuencia de entregas y desvio autorizado.",2.68
RPS 1035617 - DV,866846053686225,2026-10-05 10:10:22,2026-10-05 10:22:16,11.9,"Urbanización Bayamón Gardens (Neighbourhood, residential, neighbourhood), Bayamon, Puerto Rico, 00957","Urbanización Extensión Forest Hills (Neighbourhood, residential, neighbourhood), Bayamon, Puerto Rico, 00959",18.3779533,-66.1883366,18.3839483,-66.1661866,0,1.51,,Sin distancia suficiente,La salida y llegada estan demasiado cerca o falta odometro para evaluar eficiencia.,Validar GPS/odometro; esta ruta no tiene distancia suficiente para comparacion operacional.,0
RPS 933-091 13 ME,0470009728,2026-10-05 10:12:00,2026-10-05 10:23:59,12.0,"Calle Cabo A. Elliot Vélez (Residential), Manati, Puerto Rico, 00674","Calle Cabo A. Elliot Vélez (Residential), Manati, Puerto Rico, 00674",18.432846,-66.4843,18.432858,-66.48428,0.01,0.0,,Sin distancia suficiente,La salida y llegada estan demasiado cerca o falta odometro para evaluar eficiencia.,Validar GPS/odometro; esta ruta no tiene distancia suficiente para comparacion operacional.,0
RPS 994-209 19 MD,0470009727,2026-10-05 10:18:48,2026-10-05 10:32:49,14.0,"Residential, Manati, Puerto Rico, 00674","Residential, Manati, Puerto Rico, 00674",18.424454,-66.475458,18.424413,-66.475408,0.28,0.0,,Sin distancia suficiente,La salida y llegada estan demasiado cerca o falta odometro para evaluar eficiencia.,Validar GPS/odometro; esta ruta no tiene distancia suficiente para comparacion operacional.,0
RPS 1035617 - DV,866846053686225,2026-10-05 10:29:12,2026-10-05 10:43:48,14.6,"Urbanización Extensión Forest Hills (Neighbourhood, residential, neighbourhood), Bayamon, Puerto Rico, 00959","Calle Santa Cruz (Tertiary, Carretera 855, PR-855), Bayamon, Puerto Rico, 00961",18.3839483,-66.1661866,18.3962733,-66.1456683,0,1.59,,Sin distancia suficiente,La salida y llegada estan demasiado cerca o falta odometro para evaluar eficiencia.,Validar GPS/odometro; esta ruta no tiene distancia suficiente para comparacion operacional.,0
RPS 996-332 21 EP,0470009726,2026-10-05 10:30:54,2026-10-05 10:52:21,21.4,"Calle Pedro Luis Cordero Matos (Residential), Camuy, Puerto Rico, 00627","Residential, Camuy, Puerto Rico, 00627",18.472023,-66.880025,18.440077,-66.883884,3.78,2.22,1.7,Revisar,Recorrio 1.7x la distancia directa; supera el umbral eficiente de 1.35x.,"Para ser eficiente debe acercarse a 3.0 mi o menos; posible ahorro 0.8 mi. Revisar trafico, secuencia de entregas y desvio autorizado.",0.78
RPS 933-091 13 ME,0470009728,2026-10-05 10:33:06,2026-10-05 11:01:12,28.1,"Calle Cabo A. Elliot Vélez (Residential), Manati, Puerto Rico, 00674","Calle B (Residential), Ciales, Puerto Rico, 00638",18.432858,-66.48428,18.318951,-66.470375,10.88,7.92,1.37,Revisar,Recorrio 1.37x la distancia directa; supera el umbral eficiente de 1.35x.,"Para ser eficiente debe acercarse a 10.7 mi o menos; posible ahorro 0.2 mi. Revisar trafico, secuencia de entregas y desvio autorizado.",0.18
RPS 933-089 11 EO,0470009731,2026-10-05 10:33:42,2026-10-05 11:30:38,56.9,"Calle Bambu (Residential), Bayamon, Puerto Rico, 00959","Residential, Comerio, Puerto Rico, 00782",18.39983,-66.195791,18.232178,-66.240523,20.31,11.95,1.7,Revisar,Recorrio 1.7x la distancia directa; supera el umbral eficiente de 1.35x.,"Para ser eficiente debe acercarse a 16.1 mi o menos; posible ahorro 4.2 mi. Revisar trafico, secuencia de entregas y desvio autorizado.",4.18
RPS 994-204 20 RR,0470009744,2026-10-05 10:40:47,2026-10-05 10:59:59,19.2,"Residential, San Juan, Puerto Rico, 00926","Camino Los Romeros (Residential), San Juan, Puerto Rico, 00926",18.334123,-66.040326,18.333915,-66.066688,3.49,1.73,2.02,Ineficiente,Recorrio 2.02x la distancia directa; la ruta fue mucho mas larga que el trayecto esperado.,Alternativa: reordenar paradas y comparar contra Google Routes antes del despacho. Para pasar a eficiente: 2.3 mi o menos; ahorro estimado 1.2 mi.,1.16
RPS-985-742-18 ER,0470009732,2026-10-05 10:43:50,2026-10-05 11:13:16,29.4,"Calle Luis Muñoz Rivera (Residential), Dorado, Puerto Rico, 00646","Paseo Claro (Residential), Toa Baja, Puerto Rico, 00949",18.461585,-66.265181,18.456175,-66.18662,6.91,5.16,1.34,Eficiente,Recorrio 1.34x la distancia directa; esta dentro del umbral operacional de 1.35x.,Mantener patron actual; usar como referencia para rutas similares.,0
RPS IRK-578 17 AM,0470009725,2026-10-05 10:45:45,2026-10-05 12:56:28,130.7,"Calle Félix Lamela (Tertiary, PR-485), Quebradillas, Puerto Rico, 00678","Calle 14 (Residential), Manati, Puerto Rico, 00674",18.473681,-66.935191,18.431713,-66.485358,36.26,29.62,1.22,Eficiente,Recorrio 1.22x la distancia directa; esta dentro del umbral operacional de 1.35x.,Mantener patron actual; usar como referencia para rutas similares.,0
RPS 1035617 - DV,866846053686225,2026-10-05 10:56:18,2026-10-05 10:59:58,3.7,"Calle Santa Cruz (Tertiary, Carretera 855, PR-855), Bayamon, Puerto Rico, 00961","Vía Ferroviaria del Tren Urbano (San Juan - Bayamón), Bayamon, Puerto Rico, 00959",18.3962733,-66.1456683,18.3954583,-66.1418066,0,0.26,,Sin distancia suficiente,La salida y llegada estan demasiado cerca o falta odometro para evaluar eficiencia.,Validar GPS/odometro; esta ruta no tiene distancia suficiente para comparacion operacional.,0
RPS 1038729 - LV,866846053691563,2026-10-05 11:00:59,2026-10-05 11:23:57,23.0,"Calle Rubí (Residential), Comerio, Puerto Rico, 00782","Residential, Comerio, Puerto Rico, 00782",18.2139333,-66.2452983,18.2486983,-66.2080849,0.0,3.43,0.0,Eficiente,Recorrio 0.0x la distancia directa; esta dentro del umbral operacional de 1.35x.,Mantener patron actual; usar como referencia para rutas similares.,0
RPS 996-332 21 EP,0470009726,2026-10-05 11:05:47,2026-10-05 11:14:31,8.7,"Residential, Camuy, Puerto Rico, 00627","Residential, Camuy, Puerto Rico, 00627",18.440078,-66.883883,18.43879,-66.884096,0.39,0.09,,Sin distancia suficiente,La salida y llegada estan demasiado cerca o falta odometro para evaluar eficiencia.,Validar GPS/odometro; esta ruta no tiene distancia suficiente para comparacion operacional.,0
RPS 933-090 12 LR,0470009730,2026-10-05 11:09:28,2026-10-05 11:10:00,0.5,"Residential, Yabucoa, Puerto Rico, 00767","Residential, Yabucoa, Puerto Rico, 00767",18.099474,-65.899461,18.099474,-65.899461,0,0.0,,Sin distancia suficiente,La salida y llegada estan demasiado cerca o falta odometro para evaluar eficiencia.,Validar GPS/odometro; esta ruta no tiene distancia suficiente para comparacion operacional.,0
RPS 1035617 - DV,866846053686225,2026-10-05 11:10:52,2026-10-05 11:30:28,19.6,"Vía Ferroviaria del Tren Urbano (San Juan - Bayamón), Bayamon, Puerto Rico, 00959","Calle 1 (Residential), San Juan, Puerto Rico, 00926",18.3954583,-66.1418066,18.3530666,-66.0824783,0,4.87,,Sin distancia suficiente,La salida y llegada estan demasiado cerca o falta odometro para evaluar eficiencia.,Validar GPS/odometro; esta ruta no tiene distancia suficiente para comparacion operacional.,0
RPS 994-204 20 RR,0470009744,2026-10-05 11:11:20,2026-10-05 11:40:18,29.0,"Camino Los Romeros (Residential), San Juan, Puerto Rico, 00926","Calle 62 Sureste (Residential), San Juan, Puerto Rico, 00921",18.333915,-66.066688,18.395558,-66.076523,6.0,4.31,1.39,Revisar,Recorrio 1.39x la distancia directa; supera el umbral eficiente de 1.35x.,"Para ser eficiente debe acercarse a 5.8 mi o menos; posible ahorro 0.2 mi. Revisar trafico, secuencia de entregas y desvio autorizado.",0.19
RPS 996-332 21 EP,0470009726,2026-10-05 11:19:43,2026-10-05 11:35:30,15.8,"Residential, Camuy, Puerto Rico, 00627","PR-453 (Tertiary), Quebradillas, Puerto Rico, 00678",18.43879,-66.884096,18.389191,-66.910186,5.28,3.83,1.38,Revisar,Recorrio 1.38x la distancia directa; supera el umbral eficiente de 1.35x.,"Para ser eficiente debe acercarse a 5.2 mi o menos; posible ahorro 0.1 mi. Revisar trafico, secuencia de entregas y desvio autorizado.",0.11
RPS 933-091 13 ME,0470009728,2026-10-05 11:20:58,2026-10-05 11:44:59,24.0,"Calle B (Residential), Ciales, Puerto Rico, 00638","Calle 8 (Residential), Morovis, Puerto Rico, 00687",18.318951,-66.470375,18.313366,-66.404878,8.64,4.31,2.0,Ineficiente,Recorrio 2.0x la distancia directa; la ruta fue mucho mas larga que el trayecto esperado.,Alternativa: reordenar paradas y comparar contra Google Routes antes del despacho. Para pasar a eficiente: 5.8 mi o menos; ahorro estimado 2.8 mi.,2.81
RPS 1035617 - DV,866846053686225,2026-10-05 11:36:46,2026-10-05 11:48:05,11.3,"Calle 1 (Residential), San Juan, Puerto Rico, 00926","Urbanización Hyde Park (Neighbourhood, residential, neighbourhood), San Juan, Puerto Rico, 00918",18.3530666,-66.0824783,18.4068183,-66.06049,0,3.98,,Sin distancia suficiente,La salida y llegada estan demasiado cerca o falta odometro para evaluar eficiencia.,Validar GPS/odometro; esta ruta no tiene distancia suficiente para comparacion operacional.,0
RPS 996-332 21 EP,0470009726,2026-10-05 11:39:20,2026-10-05 12:48:30,69.2,"PR-453 (Tertiary), Quebradillas, Puerto Rico, 00678","PR-456 (Tertiary), Camuy, Puerto Rico, 00627",18.389191,-66.910186,18.396466,-66.897601,3.12,0.97,3.23,Ineficiente,Recorrio 3.23x la distancia directa; la ruta fue mucho mas larga que el trayecto esperado.,Alternativa: reordenar paradas y comparar contra Google Routes antes del despacho. Para pasar a eficiente: 1.3 mi o menos; ahorro estimado 1.8 mi.,1.81
RPS-985-742-18 ER,0470009732,2026-10-05 11:48:57,2026-10-05 11:53:37,4.7,"Paseo Claro (Residential), Toa Baja, Puerto Rico, 00949","Paseo Claro (Residential), Toa Baja, Puerto Rico, 00949",18.456175,-66.18662,18.456216,-66.186278,0.57,0.02,,Sin distancia suficiente,La salida y llegada estan demasiado cerca o falta odometro para evaluar eficiencia.,Validar GPS/odometro; esta ruta no tiene distancia suficiente para comparacion operacional.,0
RPS 933-091 13 ME,0470009728,2026-10-05 11:51:44,2026-10-05 11:59:47,8.1,"Calle 8 (Residential), Morovis, Puerto Rico, 00687","Calle Las Violetas (Residential), Morovis, Puerto Rico, 00687",18.313366,-66.404878,18.321173,-66.403436,1.02,0.55,1.86,Ineficiente,Recorrio 1.86x la distancia directa; la ruta fue mucho mas larga que el trayecto esperado.,Alternativa: reordenar paradas y comparar contra Google Routes antes del despacho. Para pasar a eficiente: 0.7 mi o menos; ahorro estimado 0.3 mi.,0.28
RPS 933-089 11 EO,0470009731,2026-10-05 11:52:33,2026-10-05 12:37:24,44.9,"Residential, Comerio, Puerto Rico, 00782","Carretera 619 (Tertiary, PR-619), Morovis, Puerto Rico, 00687",18.232178,-66.240523,18.315505,-66.390879,15.71,11.42,1.38,Revisar,Recorrio 1.38x la distancia directa; supera el umbral eficiente de 1.35x.,"Para ser eficiente debe acercarse a 15.4 mi o menos; posible ahorro 0.3 mi. Revisar trafico, secuencia de entregas y desvio autorizado.",0.29
RPS 994-204 20 RR,0470009744,2026-10-05 11:52:35,2026-10-05 12:29:44,37.1,"Calle 62 Sureste (Residential), San Juan, Puerto Rico, 00921","Avenida Juan Ponce de León (PR-25) (Primary, Carretera 25, PR-25), San Juan, Puerto Rico, 00912",18.39556,-66.076523,18.445108,-66.066996,6.32,3.48,1.82,Ineficiente,Recorrio 1.82x la distancia directa; la ruta fue mucho mas larga que el trayecto esperado.,Alternativa: reordenar paradas y comparar contra Google Routes antes del despacho. Para pasar a eficiente: 4.7 mi o menos; ahorro estimado 1.6 mi.,1.62
RPS 1035617 - DV,866846053686225,2026-10-05 11:59:05,2026-10-05 12:24:29,25.4,"Urbanización Hyde Park (Neighbourhood, residential, neighbourhood), San Juan, Puerto Rico, 00918","Calle Elma (Residential), San Juan, Puerto Rico, 00920",18.4068183,-66.06049,18.4026816,-66.0948666,0,2.27,,Sin distancia suficiente,La salida y llegada estan demasiado cerca o falta odometro para evaluar eficiencia.,Validar GPS/odometro; esta ruta no tiene distancia suficiente para comparacion operacional.,0
RPS-985-742-18 ER,0470009732,2026-10-05 12:11:18,2026-10-05 12:48:52,37.6,"Paseo Claro (Residential), Toa Baja, Puerto Rico, 00949","Calle 11 (Residential), Bayamon, Puerto Rico, 00959",18.456216,-66.186278,18.38329,-66.130365,9.81,6.23,1.57,Revisar,Recorrio 1.57x la distancia directa; supera el umbral eficiente de 1.35x.,"Para ser eficiente debe acercarse a 8.4 mi o menos; posible ahorro 1.4 mi. Revisar trafico, secuencia de entregas y desvio autorizado.",1.4
RPS 933-091 13 ME,0470009728,2026-10-05 12:26:26,2026-10-05 12:31:47,5.3,"Calle Las Violetas (Residential), Morovis, Puerto Rico, 00687","Walgreens (Pharmacy), Carretera Corozal - Morovis, Morovis, Puerto Rico, 00687",18.321173,-66.403436,18.325075,-66.402073,1.19,0.28,4.2,Ineficiente,Recorrio 4.2x la distancia directa; la ruta fue mucho mas larga que el trayecto esperado.,Alternativa: reordenar paradas y comparar contra Google Routes antes del despacho. Para pasar a eficiente: 0.4 mi o menos; ahorro estimado 0.8 mi.,0.81
RPS 933-091 13 ME,0470009728,2026-10-05 12:35:00,2026-10-05 12:36:21,1.4,"Walgreens (Pharmacy), Carretera Corozal - Morovis, Morovis, Puerto Rico, 00687","Walgreens (Pharmacy), Carretera Corozal - Morovis, Morovis, Puerto Rico, 00687",18.325073,-66.402073,18.325063,-66.402078,0.01,0.0,,Sin distancia suficiente,La salida y llegada estan demasiado cerca o falta odometro para evaluar eficiencia.,Validar GPS/odometro; esta ruta no tiene distancia suficiente para comparacion operacional.,0
RPS 933-091 13 ME,0470009728,2026-10-05 12:37:07,2026-10-05 13:00:38,23.5,"Walgreens (Pharmacy), Carretera Corozal - Morovis, Morovis, Puerto Rico, 00687","Calle Pomarrosa (Residential), Corozal, Puerto Rico, 00783",18.325063,-66.402078,18.328676,-66.355563,4.79,3.06,1.56,Revisar,Recorrio 1.56x la distancia directa; supera el umbral eficiente de 1.35x.,"Para ser eficiente debe acercarse a 4.1 mi o menos; posible ahorro 0.7 mi. Revisar trafico, secuencia de entregas y desvio autorizado.",0.66
RPS 1035617 - DV,866846053686225,2026-10-05 12:40:32,2026-10-05 13:08:39,28.1,"Calle Elma (Residential), San Juan, Puerto Rico, 00920","Urbanización Francisco Oller (Neighbourhood, residential, neighbourhood), Bayamon, Puerto Rico, 00956",18.4026816,-66.0948666,18.3681916,-66.1699183,0,5.47,,Sin distancia suficiente,La salida y llegada estan demasiado cerca o falta odometro para evaluar eficiencia.,Validar GPS/odometro; esta ruta no tiene distancia suficiente para comparacion operacional.,0
RPS 994-204 20 RR,0470009744,2026-10-05 12:45:10,2026-10-05 13:05:54,20.7,"Avenida Juan Ponce de León (PR-25) (Primary, Carretera 25, PR-25), San Juan, Puerto Rico, 00912","Calle B (Residential), San Juan, Puerto Rico, 00923",18.445108,-66.066996,18.42065,-66.041415,4.51,2.38,1.9,Ineficiente,Recorrio 1.9x la distancia directa; la ruta fue mucho mas larga que el trayecto esperado.,Alternativa: reordenar paradas y comparar contra Google Routes antes del despacho. Para pasar a eficiente: 3.2 mi o menos; ahorro estimado 1.3 mi.,1.3
RPS 996-332 21 EP,0470009726,2026-10-05 12:58:24,2026-10-05 13:52:44,54.3,"PR-456 (Tertiary), Camuy, Puerto Rico, 00627","Roof, Camino Quebrada Honda, Camuy, Puerto Rico, 00627",18.396466,-66.897601,18.459315,-66.853178,10.48,5.23,2.0,Ineficiente,Recorrio 2.0x la distancia directa; la ruta fue mucho mas larga que el trayecto esperado.,Alternativa: reordenar paradas y comparar contra Google Routes antes del despacho. Para pasar a eficiente: 7.1 mi o menos; ahorro estimado 3.4 mi.,3.42
RPS IRK-578 17 AM,0470009725,2026-10-05 13:05:55,2026-10-05 14:20:54,75.0,"Calle 14 (Residential), Manati, Puerto Rico, 00674","Residential, Manati, Puerto Rico, 00674",18.431713,-66.485358,18.449608,-66.454926,3.99,2.35,1.7,Revisar,Recorrio 1.7x la distancia directa; supera el umbral eficiente de 1.35x.,"Para ser eficiente debe acercarse a 3.2 mi o menos; posible ahorro 0.8 mi. Revisar trafico, secuencia de entregas y desvio autorizado.",0.83
RPS-985-742-18 ER,0470009732,2026-10-05 13:06:30,2026-10-05 13:37:09,30.6,"Calle 11 (Residential), Bayamon, Puerto Rico, 00959","Urbanización Santa Juanita, 7ma Sección (Neighbourhood, residential, neighbourhood), Bayamon, Puerto Rico, 00956",18.38329,-66.130365,18.361136,-66.162031,3.65,2.58,1.42,Revisar,Recorrio 1.42x la distancia directa; supera el umbral eficiente de 1.35x.,"Para ser eficiente debe acercarse a 3.5 mi o menos; posible ahorro 0.2 mi. Revisar trafico, secuencia de entregas y desvio autorizado.",0.17
RPS 1038729 - LV,866846053691563,2026-10-05 13:07:38,2026-10-05 13:49:33,41.9,"Residential, Comerio, Puerto Rico, 00782","Urbanización Santa Catalina (Neighbourhood, residential, neighbourhood), Bayamon, Puerto Rico, 00957",18.2486983,-66.2080849,18.3861983,-66.183445,0.01,9.64,0.0,Eficiente,Recorrio 0.0x la distancia directa; esta dentro del umbral operacional de 1.35x.,Mantener patron actual; usar como referencia para rutas similares.,0
RPS 994-204 20 RR,0470009744,2026-10-05 13:13:56,2026-10-05 13:34:26,20.5,"Calle B (Residential), San Juan, Puerto Rico, 00923","Calle Alejo Cruzado (Residential), San Juan, Puerto Rico, 00924",18.42065,-66.041415,18.404261,-65.99711,5.33,3.12,1.71,Revisar,Recorrio 1.71x la distancia directa; supera el umbral eficiente de 1.35x.,"Para ser eficiente debe acercarse a 4.2 mi o menos; posible ahorro 1.1 mi. Revisar trafico, secuencia de entregas y desvio autorizado.",1.12
RPS 1035617 - DV,866846053686225,2026-10-05 13:18:51,2026-10-05 14:24:30,65.7,"Urbanización Francisco Oller (Neighbourhood, residential, neighbourhood), Bayamon, Puerto Rico, 00956","Calle 21 (Residential), Arecibo, Puerto Rico, 00612",18.3681916,-66.1699183,18.4835783,-66.6753983,0,34.08,,Sin distancia suficiente,La salida y llegada estan demasiado cerca o falta odometro para evaluar eficiencia.,Validar GPS/odometro; esta ruta no tiene distancia suficiente para comparacion operacional.,0
RPS 933-091 13 ME,0470009728,2026-10-05 13:20:26,2026-10-05 13:38:56,18.5,"Calle Pomarrosa (Residential), Corozal, Puerto Rico, 00783","Corozal Plaza (Retail, retail), Corozal, Puerto Rico, 00783",18.328676,-66.355563,18.340384,-66.311911,4.5,2.98,1.51,Revisar,Recorrio 1.51x la distancia directa; supera el umbral eficiente de 1.35x.,"Para ser eficiente debe acercarse a 4.0 mi o menos; posible ahorro 0.5 mi. Revisar trafico, secuencia de entregas y desvio autorizado.",0.48
RPS 933-089 11 EO,0470009731,2026-10-05 13:39:13,2026-10-05 14:23:14,44.0,"Carretera 619 (Tertiary, PR-619), Morovis, Puerto Rico, 00687","Calle Los Pinos (Residential), Manati, Puerto Rico, 00674",18.315505,-66.390879,18.430431,-66.442983,12.57,8.64,1.45,Revisar,Recorrio 1.45x la distancia directa; supera el umbral eficiente de 1.35x.,"Para ser eficiente debe acercarse a 11.7 mi o menos; posible ahorro 0.9 mi. Revisar trafico, secuencia de entregas y desvio autorizado.",0.9
RPS 994-204 20 RR,0470009744,2026-10-05 13:42:35,2026-10-05 14:46:05,63.5,"Calle Alejo Cruzado (Residential), San Juan, Puerto Rico, 00924","Roof, Carretera Militar, Manatí, Puerto Rico, 00674",18.404261,-65.99711,18.432153,-66.476866,37.98,31.51,1.21,Eficiente,Recorrio 1.21x la distancia directa; esta dentro del umbral operacional de 1.35x.,Mantener patron actual; usar como referencia para rutas similares.,0
RPS-985-742-18 ER,0470009732,2026-10-05 13:50:50,2026-10-05 14:05:05,14.2,"Urbanización Santa Juanita, 7ma Sección (Neighbourhood, residential, neighbourhood), Bayamon, Puerto Rico, 00956","Urbanización Valle de Cerro Gordo (Neighbourhood, residential, neighbourhood), Bayamon, Puerto Rico, 00957",18.361136,-66.162031,18.346426,-66.181928,2.64,1.65,1.6,Revisar,Recorrio 1.6x la distancia directa; supera el umbral eficiente de 1.35x.,"Para ser eficiente debe acercarse a 2.2 mi o menos; posible ahorro 0.4 mi. Revisar trafico, secuencia de entregas y desvio autorizado.",0.41
RPS 933-091 13 ME,0470009728,2026-10-05 13:58:41,2026-10-05 14:31:20,32.6,"Corozal Plaza (Retail, retail), Corozal, Puerto Rico, 00783","Calle Pedro Cid Rodríguez (Residential), Naranjito, Puerto Rico, 00719",18.340383,-66.311911,18.299961,-66.245275,7.31,5.19,1.41,Revisar,Recorrio 1.41x la distancia directa; supera el umbral eficiente de 1.35x.,"Para ser eficiente debe acercarse a 7.0 mi o menos; posible ahorro 0.3 mi. Revisar trafico, secuencia de entregas y desvio autorizado.",0.31
RPS 996-332 21 EP,0470009726,2026-10-05 13:58:52,2026-10-05 14:42:40,43.8,"Roof, Camino Quebrada Honda, Camuy, Puerto Rico, 00627","Service, Arecibo, Puerto Rico, 00652",18.459315,-66.853178,18.443497,-66.622362,18.6,15.17,1.23,Eficiente,Recorrio 1.23x la distancia directa; esta dentro del umbral operacional de 1.35x.,Mantener patron actual; usar como referencia para rutas similares.,0
RPS 1035617 - DV,866846053686225,2026-10-05 14:24:50,2026-10-05 14:24:57,0.1,"Calle 21 (Residential), Arecibo, Puerto Rico, 00612","Calle 21 (Residential), Arecibo, Puerto Rico, 00612",18.4835783,-66.6753983,18.4835783,-66.6753983,0,0.0,,Sin distancia suficiente,La salida y llegada estan demasiado cerca o falta odometro para evaluar eficiencia.,Validar GPS/odometro; esta ruta no tiene distancia suficiente para comparacion operacional.,0
RPS-985-742-18 ER,0470009732,2026-10-05 14:28:29,2026-10-05 15:49:51,81.4,"Urbanización Valle de Cerro Gordo (Neighbourhood, residential, neighbourhood), Bayamon, Puerto Rico, 00957","Residential, Manati, Puerto Rico, 00674",18.346426,-66.181928,18.424429,-66.475502,28.42,19.99,1.42,Revisar,Recorrio 1.42x la distancia directa; supera el umbral eficiente de 1.35x.,"Para ser eficiente debe acercarse a 27.0 mi o menos; posible ahorro 1.4 mi. Revisar trafico, secuencia de entregas y desvio autorizado.",1.44
RPS 1035617 - DV,866846053686225,2026-10-05 14:29:03,2026-10-05 15:23:12,54.1,"Calle 21 (Residential), Arecibo, Puerto Rico, 00612","Carretera Principal Charcas (Tertiary, PR-437), Quebradillas, Puerto Rico, 00678",18.4835783,-66.6753983,18.4120816,-66.9316016,0,17.5,,Sin distancia suficiente,La salida y llegada estan demasiado cerca o falta odometro para evaluar eficiencia.,Validar GPS/odometro; esta ruta no tiene distancia suficiente para comparacion operacional.,0
RPS IRK-578 17 AM,0470009725,2026-10-05 14:37:44,2026-10-05 15:25:10,47.4,"Residential, Manati, Puerto Rico, 00674","Residential, Manati, Puerto Rico, 00674",18.449608,-66.454926,18.424428,-66.475481,3.74,2.2,1.7,Revisar,Recorrio 1.7x la distancia directa; supera el umbral eficiente de 1.35x.,"Para ser eficiente debe acercarse a 3.0 mi o menos; posible ahorro 0.8 mi. Revisar trafico, secuencia de entregas y desvio autorizado.",0.77
RPS 933-089 11 EO,0470009731,2026-10-05 14:38:27,2026-10-05 15:15:00,36.5,"Calle Los Pinos (Residential), Manati, Puerto Rico, 00674","Carretera 670 (Tertiary, PR-670), Manati, Puerto Rico, 00693",18.430431,-66.442983,18.424414,-66.475585,2.31,2.18,1.06,Eficiente,Recorrio 1.06x la distancia directa; esta dentro del umbral operacional de 1.35x.,Mantener patron actual; usar como referencia para rutas similares.,0
RPS 1038729 - LV,866846053691563,2026-10-05 14:44:51,2026-10-05 15:03:48,18.9,"Urbanización Santa Catalina (Neighbourhood, residential, neighbourhood), Bayamon, Puerto Rico, 00957","Marginal Militar (Residential), Toa Baja, Puerto Rico, 00949",18.3861983,-66.183445,18.4045383,-66.2018166,0.0,1.75,0.0,Eficiente,Recorrio 0.0x la distancia directa; esta dentro del umbral operacional de 1.35x.,Mantener patron actual; usar como referencia para rutas similares.,0
RPS 996-332 21 EP,0470009726,2026-10-05 14:49:36,2026-10-05 15:11:58,22.4,"Service, Arecibo, Puerto Rico, 00652","Residential, Manati, Puerto Rico, 00674",18.443497,-66.622362,18.424745,-66.475451,11.42,9.72,1.18,Eficiente,Recorrio 1.18x la distancia directa; esta dentro del umbral operacional de 1.35x.,Mantener patron actual; usar como referencia para rutas similares.,0
RPS 994-204 20 RR,0470009744,2026-10-05 14:51:54,2026-10-05 15:03:15,11.3,"Roof, Carretera Militar, Manatí, Puerto Rico, 00674","Residential, Manati, Puerto Rico, 00674",18.432155,-66.476866,18.424738,-66.475465,0.75,0.52,1.45,Revisar,Recorrio 1.45x la distancia directa; supera el umbral eficiente de 1.35x.,"Para ser eficiente debe acercarse a 0.7 mi o menos; posible ahorro 0.1 mi. Revisar trafico, secuencia de entregas y desvio autorizado.",0.05
RPS 1038729 - LV,866846053691563,2026-10-05 15:05:17,2026-10-05 15:56:43,51.4,"Marginal Militar (Residential), Toa Baja, Puerto Rico, 00949","Residential, Vega Baja, Puerto Rico, 00693",18.4045383,-66.2018166,18.4826966,-66.4287133,0.01,15.82,0.0,Eficiente,Recorrio 0.0x la distancia directa; esta dentro del umbral operacional de 1.35x.,Mantener patron actual; usar como referencia para rutas similares.,0
RPS 994-204 20 RR,0470009744,2026-10-05 15:08:37,2026-10-05 15:10:30,1.9,"Residential, Manati, Puerto Rico, 00674","Residential, Manati, Puerto Rico, 00674",18.424761,-66.475425,18.424465,-66.475472,0.03,0.02,,Sin distancia suficiente,La salida y llegada estan demasiado cerca o falta odometro para evaluar eficiencia.,Validar GPS/odometro; esta ruta no tiene distancia suficiente para comparacion operacional.,0
RPS 996-332 21 EP,0470009726,2026-10-05 15:18:39,2026-10-05 15:22:00,3.4,"Residential, Manati, Puerto Rico, 00674","Residential, Manati, Puerto Rico, 00674",18.424745,-66.475451,18.424464,-66.475475,0.04,0.02,,Sin distancia suficiente,La salida y llegada estan demasiado cerca o falta odometro para evaluar eficiencia.,Validar GPS/odometro; esta ruta no tiene distancia suficiente para comparacion operacional.,0
RPS 933-089 11 EO,0470009731,2026-10-05 15:19:58,2026-10-05 15:20:14,0.3,"Carretera 670 (Tertiary, PR-670), Manati, Puerto Rico, 00693","Carretera 670 (Tertiary, PR-670), Manati, Puerto Rico, 00693",18.424415,-66.475585,18.424418,-66.475616,0.01,0.0,,Sin distancia suficiente,La salida y llegada estan demasiado cerca o falta odometro para evaluar eficiencia.,Validar GPS/odometro; esta ruta no tiene distancia suficiente para comparacion operacional.,0
RPS 933-091 13 ME,0470009728,2026-10-05 15:25:15,2026-10-05 15:44:01,18.8,"Calle Pedro Cid Rodríguez (Residential), Naranjito, Puerto Rico, 00719","Camino Los Chéveres (Tertiary, PR-826), Naranjito, Puerto Rico, 00719",18.299961,-66.245275,18.320225,-66.23007,4.68,1.72,2.72,Ineficiente,Recorrio 2.72x la distancia directa; la ruta fue mucho mas larga que el trayecto esperado.,Alternativa: reordenar paradas y comparar contra Google Routes antes del despacho. Para pasar a eficiente: 2.3 mi o menos; ahorro estimado 2.4 mi.,2.36
RPS 933-091 13 ME,0470009728,2026-10-05 15:59:35,2026-10-05 16:21:50,22.2,"Camino Los Chéveres (Tertiary, PR-826), Naranjito, Puerto Rico, 00719","Roof, Carretera Eduardo ""Eddie"" Santiago Rodríguez, Toa Alta, Puerto Rico, 00953",18.320225,-66.23007,18.366685,-66.22401,8.15,3.23,2.52,Ineficiente,Recorrio 2.52x la distancia directa; la ruta fue mucho mas larga que el trayecto esperado.,Alternativa: reordenar paradas y comparar contra Google Routes antes del despacho. Para pasar a eficiente: 4.4 mi o menos; ahorro estimado 3.8 mi.,3.79
RPS 1035617 - DV,866846053686225,2026-10-05 16:03:00,2026-10-05 16:03:23,0.4,"Carretera Principal Charcas (Tertiary, PR-437), Quebradillas, Puerto Rico, 00678","Carretera Principal Charcas (Tertiary, PR-437), Quebradillas, Puerto Rico, 00678",18.4117516,-66.9315916,18.4117633,-66.931575,0,0.0,,Sin distancia suficiente,La salida y llegada estan demasiado cerca o falta odometro para evaluar eficiencia.,Validar GPS/odometro; esta ruta no tiene distancia suficiente para comparacion operacional.,0
RPS 1035617 - DV,866846053686225,2026-10-05 16:03:49,2026-10-05 16:10:13,6.4,"Carretera Principal Charcas (Tertiary, PR-437), Quebradillas, Puerto Rico, 00678","Avenida Víctor M. Curbelo (Tertiary, PR-113), Quebradillas, Puerto Rico, 00678",18.4117266,-66.9315283,18.43825,-66.929355,0,1.84,,Sin distancia suficiente,La salida y llegada estan demasiado cerca o falta odometro para evaluar eficiencia.,Validar GPS/odometro; esta ruta no tiene distancia suficiente para comparacion operacional.,0
RPS 1035617 - DV,866846053686225,2026-10-05 16:24:27,2026-10-05 16:38:12,13.8,"Avenida Víctor M. Curbelo (Tertiary, PR-113), Quebradillas, Puerto Rico, 00678","Carretera Miguel de Hernández Elías (Secondary, PR-119), Camuy, Puerto Rico, 00627",18.43825,-66.929355,18.4727416,-66.8518916,0,5.61,,Sin distancia suficiente,La salida y llegada estan demasiado cerca o falta odometro para evaluar eficiencia.,Validar GPS/odometro; esta ruta no tiene distancia suficiente para comparacion operacional.,0
RPS 933-091 13 ME,0470009728,2026-10-05 16:29:25,2026-10-05 17:05:27,36.0,"Roof, Carretera Eduardo ""Eddie"" Santiago Rodríguez, Toa Alta, Puerto Rico, 00953","Calle B (Residential), Vega Baja, Puerto Rico, 00693",18.366685,-66.22401,18.433533,-66.394621,15.21,12.1,1.26,Eficiente,Recorrio 1.26x la distancia directa; esta dentro del umbral operacional de 1.35x.,Mantener patron actual; usar como referencia para rutas similares.,0
RPS 933-090 12 LR,0470009730,2026-10-05 17:04:14,2026-10-05 17:05:23,1.1,"Residential, Yabucoa, Puerto Rico, 00767","Residential, Yabucoa, Puerto Rico, 00767",18.099474,-65.899461,18.099474,-65.899461,0,0.0,,Sin distancia suficiente,La salida y llegada estan demasiado cerca o falta odometro para evaluar eficiencia.,Validar GPS/odometro; esta ruta no tiene distancia suficiente para comparacion operacional.,0
RPS 1038729 - LV,866846053691563,2026-10-05 17:16:05,2026-10-05 17:17:21,1.3,"Residential, Vega Baja, Puerto Rico, 00693","Residential, Vega Baja, Puerto Rico, 00693",18.4826966,-66.4287133,18.4827166,-66.4287316,0,0.0,,Sin distancia suficiente,La salida y llegada estan demasiado cerca o falta odometro para evaluar eficiencia.,Validar GPS/odometro; esta ruta no tiene distancia suficiente para comparacion operacional.,0
RPS 933-091 13 ME,0470009728,2026-10-05 17:22:51,2026-10-05 17:46:46,23.9,"Calle B (Residential), Vega Baja, Puerto Rico, 00693","Residential, Manati, Puerto Rico, 00674",18.433533,-66.394621,18.418583,-66.462008,5.87,4.54,1.29,Eficiente,Recorrio 1.29x la distancia directa; esta dentro del umbral operacional de 1.35x.,Mantener patron actual; usar como referencia para rutas similares.,0
RPS 1035617 - DV,866846053686225,2026-10-05 18:21:51,2026-10-05 18:49:16,27.4,"Carretera Miguel de Hernández Elías (Secondary, PR-119), Camuy, Puerto Rico, 00627","Carretera Principal Charcas (Tertiary, PR-437), Quebradillas, Puerto Rico, 00678",18.47273,-66.8519333,18.4119833,-66.9315833,0,6.7,,Sin distancia suficiente,La salida y llegada estan demasiado cerca o falta odometro para evaluar eficiencia.,Validar GPS/odometro; esta ruta no tiene distancia suficiente para comparacion operacional.,0
RPS 933-090 12 LR,0470009730,2026-10-06 04:40:36,2026-10-06 06:10:48,90.2,"Residential, Yabucoa, Puerto Rico, 00767","Carretera 670 (Tertiary, PR-670), Manati, Puerto Rico, 00693",18.099474,-65.899461,18.424391,-66.475624,64.42,43.97,1.47,Revisar,Recorrio 1.47x la distancia directa; supera el umbral eficiente de 1.35x.,"Para ser eficiente debe acercarse a 59.4 mi o menos; posible ahorro 5.1 mi. Revisar trafico, secuencia de entregas y desvio autorizado.",5.07
RPS 1035617 - DV,866846053686225,2026-10-06 06:41:59,2026-10-06 07:39:51,57.9,"Carretera Principal Charcas (Tertiary, PR-437), Quebradillas, Puerto Rico, 00678","Residential, Manati, Puerto Rico, 00674",18.4119833,-66.9315833,18.4247216,-66.4754133,0,29.92,,Sin distancia suficiente,La salida y llegada estan demasiado cerca o falta odometro para evaluar eficiencia.,Validar GPS/odometro; esta ruta no tiene distancia suficiente para comparacion operacional.,0
RPS 994-204 20 RR,0470009744,2026-10-06 07:00:00,2026-10-06 08:09:40,69.7,"Residential, Manati, Puerto Rico, 00674","Antigua PR-10 (Tertiary, PR-123), Utuado, Puerto Rico, 00641",18.424451,-66.475467,18.269231,-66.711378,35.02,18.83,1.86,Ineficiente,Recorrio 1.86x la distancia directa; la ruta fue mucho mas larga que el trayecto esperado.,Alternativa: reordenar paradas y comparar contra Google Routes antes del despacho. Para pasar a eficiente: 25.4 mi o menos; ahorro estimado 9.6 mi.,9.6
RPS 994-209 19 MD,0470009727,2026-10-06 07:03:20,2026-10-06 07:05:20,2.0,"Residential, Manati, Puerto Rico, 00674","Residential, Manati, Puerto Rico, 00674",18.424416,-66.475408,18.424763,-66.47546,0.03,0.02,,Sin distancia suficiente,La salida y llegada estan demasiado cerca o falta odometro para evaluar eficiencia.,Validar GPS/odometro; esta ruta no tiene distancia suficiente para comparacion operacional.,0
RPS 996-332 21 EP,0470009726,2026-10-06 07:04:03,2026-10-06 07:20:50,16.8,"Residential, Manati, Puerto Rico, 00674","Carretera Fernando ""Nando"" Otero Sánchez (Secondary, PR-149), Manati, Puerto Rico, 00674",18.424463,-66.475475,18.356208,-66.470723,5.71,4.73,1.21,Eficiente,Recorrio 1.21x la distancia directa; esta dentro del umbral operacional de 1.35x.,Mantener patron actual; usar como referencia para rutas similares.,0
RPS 994-209 19 MD,0470009727,2026-10-06 07:15:32,2026-10-06 07:20:07,4.6,"Residential, Manati, Puerto Rico, 00674","Carretera Fernando ""Nando"" Otero Sánchez (Secondary, PR-149), Manati, Puerto Rico, 00674",18.424763,-66.47546,18.429474,-66.474769,0.43,0.33,1.3,Eficiente,Recorrio 1.3x la distancia directa; esta dentro del umbral operacional de 1.35x.,Mantener patron actual; usar como referencia para rutas similares.,0
RPS 996-332 21 EP,0470009726,2026-10-06 07:22:08,2026-10-06 08:35:51,73.7,"Carretera Fernando ""Nando"" Otero Sánchez (Secondary, PR-149), Manati, Puerto Rico, 00674","Carretera José Joaquín Rodríguez Rodríguez (Tertiary, PR-149), Villalba, Puerto Rico, 00766",18.356208,-66.470723,18.138703,-66.510385,23.85,15.25,1.56,Revisar,Recorrio 1.56x la distancia directa; supera el umbral eficiente de 1.35x.,"Para ser eficiente debe acercarse a 20.6 mi o menos; posible ahorro 3.3 mi. Revisar trafico, secuencia de entregas y desvio autorizado.",3.26
RPS 994-209 19 MD,0470009727,2026-10-06 07:22:23,2026-10-06 08:33:32,71.2,"Carretera Fernando ""Nando"" Otero Sánchez (Secondary, PR-149), Manati, Puerto Rico, 00674","Calle Jorge García (Residential), Guaynabo, Puerto Rico, 00971",18.429473,-66.474769,18.308563,-66.10535,35.21,25.62,1.37,Revisar,Recorrio 1.37x la distancia directa; supera el umbral eficiente de 1.35x.,"Para ser eficiente debe acercarse a 34.6 mi o menos; posible ahorro 0.6 mi. Revisar trafico, secuencia de entregas y desvio autorizado.",0.62
RPS 933-090 12 LR,0470009730,2026-10-06 07:30:02,2026-10-06 07:35:42,5.7,"Carretera 670 (Tertiary, PR-670), Manati, Puerto Rico, 00693","Carretera 670 (Tertiary, PR-670), Manati, Puerto Rico, 00693",18.424391,-66.475624,18.424383,-66.475605,0.26,0.0,,Sin distancia suficiente,La salida y llegada estan demasiado cerca o falta odometro para evaluar eficiencia.,Validar GPS/odometro; esta ruta no tiene distancia suficiente para comparacion operacional.,0
RPS IRK-578 17 AM,0470009725,2026-10-06 07:31:52,2026-10-06 08:57:21,85.5,"Residential, Manati, Puerto Rico, 00674","Urbanización Extensión Forest Hills (Neighbourhood, residential, neighbourhood), Bayamon, Puerto Rico, 00959",18.424428,-66.475481,18.383953,-66.166211,26.39,20.47,1.29,Eficiente,Recorrio 1.29x la distancia directa; esta dentro del umbral operacional de 1.35x.,Mantener patron actual; usar como referencia para rutas similares.,0
RPS 933-090 12 LR,0470009730,2026-10-06 07:38:13,2026-10-06 07:38:21,0.1,"Carretera 670 (Tertiary, PR-670), Manati, Puerto Rico, 00693","Carretera 670 (Tertiary, PR-670), Manati, Puerto Rico, 00693",18.424383,-66.475605,18.424383,-66.475605,0,0.0,,Sin distancia suficiente,La salida y llegada estan demasiado cerca o falta odometro para evaluar eficiencia.,Validar GPS/odometro; esta ruta no tiene distancia suficiente para comparacion operacional.,0
RPS 933-090 12 LR,0470009730,2026-10-06 07:41:12,2026-10-06 08:02:16,21.1,"Carretera 670 (Tertiary, PR-670), Manati, Puerto Rico, 00693","Carretera 670 (Tertiary, PR-670), Manati, Puerto Rico, 00693",18.424378,-66.475608,18.424378,-66.475608,0,0.0,,Sin distancia suficiente,La salida y llegada estan demasiado cerca o falta odometro para evaluar eficiencia.,Validar GPS/odometro; esta ruta no tiene distancia suficiente para comparacion operacional.,0
RPS 1035617 - DV,866846053686225,2026-10-06 07:43:39,2026-10-06 07:44:26,0.8,"Residential, Manati, Puerto Rico, 00674","Carretera 670 (Tertiary, PR-670), Manati, Puerto Rico, 00693",18.4247216,-66.4754133,18.42439,-66.4755133,0,0.02,,Sin distancia suficiente,La salida y llegada estan demasiado cerca o falta odometro para evaluar eficiencia.,Validar GPS/odometro; esta ruta no tiene distancia suficiente para comparacion operacional.,0
RPS 933-091 13 ME,0470009728,2026-10-06 07:49:32,2026-10-06 07:58:06,8.6,"Residential, Manati, Puerto Rico, 00674","Residential, Manati, Puerto Rico, 00674",18.418583,-66.462006,18.424403,-66.475448,1.44,0.97,1.49,Revisar,Recorrio 1.49x la distancia directa; supera el umbral eficiente de 1.35x.,"Para ser eficiente debe acercarse a 1.3 mi o menos; posible ahorro 0.1 mi. Revisar trafico, secuencia de entregas y desvio autorizado.",0.13
RPS 1035617 - DV,866846053686225,2026-10-06 07:55:45,2026-10-06 08:02:46,7.0,"Carretera 670 (Tertiary, PR-670), Manati, Puerto Rico, 00693","Carretera 670 (Tertiary, PR-670), Manati, Puerto Rico, 00693",18.42439,-66.4755133,18.4243783,-66.475535,0,0.0,,Sin distancia suficiente,La salida y llegada estan demasiado cerca o falta odometro para evaluar eficiencia.,Validar GPS/odometro; esta ruta no tiene distancia suficiente para comparacion operacional.,0
RPS 1038729 - LV,866846053691563,2026-10-06 07:57:01,2026-10-06 08:17:58,20.9,"Residential, Vega Baja, Puerto Rico, 00693","Carretera 670 (Tertiary, PR-670), Manati, Puerto Rico, 00693",18.4827166,-66.4287316,18.4243383,-66.4754833,0.0,5.07,0.0,Eficiente,Recorrio 0.0x la distancia directa; esta dentro del umbral operacional de 1.35x.,Mantener patron actual; usar como referencia para rutas similares.,0
RPS 933-090 12 LR,0470009730,2026-10-06 08:03:03,2026-10-06 08:43:21,40.3,"Carretera 670 (Tertiary, PR-670), Manati, Puerto Rico, 00693","Carretera 670 (Tertiary, PR-670), Manati, Puerto Rico, 00693",18.424378,-66.475608,18.424378,-66.475608,0,0.0,,Sin distancia suficiente,La salida y llegada estan demasiado cerca o falta odometro para evaluar eficiencia.,Validar GPS/odometro; esta ruta no tiene distancia suficiente para comparacion operacional.,0
RPS-985-742-18 ER,0470009732,2026-10-06 08:06:39,2026-10-06 08:21:18,14.7,"Residential, Manati, Puerto Rico, 00674","Residential, Manati, Puerto Rico, 00674",18.424428,-66.475503,18.424463,-66.475446,0.25,0.0,,Sin distancia suficiente,La salida y llegada estan demasiado cerca o falta odometro para evaluar eficiencia.,Validar GPS/odometro; esta ruta no tiene distancia suficiente para comparacion operacional.,0
RPS 994-204 20 RR,0470009744,2026-10-06 08:19:32,2026-10-06 08:30:24,10.9,"Antigua PR-10 (Tertiary, PR-123), Utuado, Puerto Rico, 00641","Avenida Guillermo Esteves Volkers (Tertiary, PR-6111;PR-111R), Utuado, Puerto Rico, 00641",18.26923,-66.711378,18.260103,-66.691203,2.69,1.47,1.83,Ineficiente,Recorrio 1.83x la distancia directa; la ruta fue mucho mas larga que el trayecto esperado.,Alternativa: reordenar paradas y comparar contra Google Routes antes del despacho. Para pasar a eficiente: 2.0 mi o menos; ahorro estimado 0.7 mi.,0.71
RPS 1035617 - DV,866846053686225,2026-10-06 08:25:53,2026-10-06 08:35:54,10.0,"Carretera 670 (Tertiary, PR-670), Manati, Puerto Rico, 00693","Carretera 670 (Tertiary, PR-670), Manati, Puerto Rico, 00693",18.4243783,-66.475535,18.4243733,-66.47549,0,0.0,,Sin distancia suficiente,La salida y llegada estan demasiado cerca o falta odometro para evaluar eficiencia.,Validar GPS/odometro; esta ruta no tiene distancia suficiente para comparacion operacional.,0
RPS 1035617 - DV,866846053686225,2026-10-06 08:35:56,2026-10-06 08:35:59,0.1,"Carretera 670 (Tertiary, PR-670), Manati, Puerto Rico, 00693","Carretera 670 (Tertiary, PR-670), Manati, Puerto Rico, 00693",18.4243733,-66.47549,18.4243733,-66.47549,0,0.0,,Sin distancia suficiente,La salida y llegada estan demasiado cerca o falta odometro para evaluar eficiencia.,Validar GPS/odometro; esta ruta no tiene distancia suficiente para comparacion operacional.,0
RPS 933-089 11 EO,0470009731,2026-10-06 08:36:22,2026-10-06 08:48:54,12.5,"Carretera 670 (Tertiary, PR-670), Manati, Puerto Rico, 00693","Roof, Carretera Militar, Manatí, Puerto Rico, 00674",18.424418,-66.475615,18.4322,-66.476976,1.41,0.55,2.59,Ineficiente,Recorrio 2.59x la distancia directa; la ruta fue mucho mas larga que el trayecto esperado.,Alternativa: reordenar paradas y comparar contra Google Routes antes del despacho. Para pasar a eficiente: 0.7 mi o menos; ahorro estimado 0.7 mi.,0.67
RPS 994-204 20 RR,0470009744,2026-10-06 08:37:19,2026-10-06 09:00:02,22.7,"Avenida Guillermo Esteves Volkers (Tertiary, PR-6111;PR-111R), Utuado, Puerto Rico, 00641","PR-140 (Tertiary), Utuado, Puerto Rico, 00641",18.260103,-66.691203,18.251963,-66.661046,4.86,2.06,2.36,Ineficiente,Recorrio 2.36x la distancia directa; la ruta fue mucho mas larga que el trayecto esperado.,Alternativa: reordenar paradas y comparar contra Google Routes antes del despacho. Para pasar a eficiente: 2.8 mi o menos; ahorro estimado 2.1 mi.,2.08
RPS 994-209 19 MD,0470009727,2026-10-06 08:43:24,2026-10-06 09:23:54,40.5,"Calle Jorge García (Residential), Guaynabo, Puerto Rico, 00971","Calle 42 Sureste (Residential), San Juan, Puerto Rico, 00921",18.308563,-66.10535,18.396692,-66.082899,8.28,6.26,1.32,Eficiente,Recorrio 1.32x la distancia directa; esta dentro del umbral operacional de 1.35x.,Mantener patron actual; usar como referencia para rutas similares.,0
RPS 996-332 21 EP,0470009726,2026-10-06 08:47:51,2026-10-06 09:02:40,14.8,"Carretera José Joaquín Rodríguez Rodríguez (Tertiary, PR-149), Villalba, Puerto Rico, 00766","Carretera José Joaquín Rodríguez Rodríguez (Tertiary, PR-149), Villalba, Puerto Rico, 00766",18.138706,-66.510383,18.140353,-66.5023,2.07,0.54,3.82,Ineficiente,Recorrio 3.82x la distancia directa; la ruta fue mucho mas larga que el trayecto esperado.,Alternativa: reordenar paradas y comparar contra Google Routes antes del despacho. Para pasar a eficiente: 0.7 mi o menos; ahorro estimado 1.3 mi.,1.34
RPS 933-089 11 EO,0470009731,2026-10-06 08:53:07,2026-10-06 09:41:09,48.0,"Roof, Carretera Militar, Manatí, Puerto Rico, 00674","Residential, Quebradillas, Puerto Rico, 00678",18.4322,-66.476976,18.482713,-66.90459,33.28,28.24,1.18,Eficiente,Recorrio 1.18x la distancia directa; esta dentro del umbral operacional de 1.35x.,Mantener patron actual; usar como referencia para rutas similares.,0
RPS 933-090 12 LR,0470009730,2026-10-06 08:53:17,2026-10-06 09:40:33,47.3,"Carretera 670 (Tertiary, PR-670), Manati, Puerto Rico, 00693","Calle 26 (Residential), Toa Baja, Puerto Rico, 00949",18.424378,-66.475608,18.432488,-66.226816,21.13,16.32,1.29,Eficiente,Recorrio 1.29x la distancia directa; esta dentro del umbral operacional de 1.35x.,Mantener patron actual; usar como referencia para rutas similares.,0
RPS 933-091 13 ME,0470009728,2026-10-06 08:53:37,2026-10-06 09:14:20,20.7,"Residential, Manati, Puerto Rico, 00674","Residential, Manati, Puerto Rico, 00674",18.424401,-66.475448,18.424706,-66.475448,0.06,0.02,,Sin distancia suficiente,La salida y llegada estan demasiado cerca o falta odometro para evaluar eficiencia.,Validar GPS/odometro; esta ruta no tiene distancia suficiente para comparacion operacional.,0
RPS IRK-578 17 AM,0470009725,2026-10-06 09:01:11,2026-10-06 09:33:28,32.3,"Urbanización Extensión Forest Hills (Neighbourhood, residential, neighbourhood), Bayamon, Puerto Rico, 00959","Parking, Avenida Ongay, Bayamon, Puerto Rico, 00961",18.383953,-66.166211,18.397991,-66.148281,4.35,1.52,2.85,Ineficiente,Recorrio 2.85x la distancia directa; la ruta fue mucho mas larga que el trayecto esperado.,Alternativa: reordenar paradas y comparar contra Google Routes antes del despacho. Para pasar a eficiente: 2.1 mi o menos; ahorro estimado 2.3 mi.,2.29
RPS 996-332 21 EP,0470009726,2026-10-06 09:05:51,2026-10-06 09:31:40,25.8,"Carretera José Joaquín Rodríguez Rodríguez (Tertiary, PR-149), Villalba, Puerto Rico, 00766","Residential, Villalba, Puerto Rico, 00766",18.140353,-66.5023,18.158321,-66.468509,6.28,2.54,2.47,Ineficiente,Recorrio 2.47x la distancia directa; la ruta fue mucho mas larga que el trayecto esperado.,Alternativa: reordenar paradas y comparar contra Google Routes antes del despacho. Para pasar a eficiente: 3.4 mi o menos; ahorro estimado 2.8 mi.,2.84
RPS 994-204 20 RR,0470009744,2026-10-06 09:10:54,2026-10-06 09:44:06,33.2,"PR-140 (Tertiary), Utuado, Puerto Rico, 00641","Residential, Utuado, Puerto Rico, 00641",18.251966,-66.661023,18.289636,-66.716113,10.62,4.45,2.38,Ineficiente,Recorrio 2.38x la distancia directa; la ruta fue mucho mas larga que el trayecto esperado.,Alternativa: reordenar paradas y comparar contra Google Routes antes del despacho. Para pasar a eficiente: 6.0 mi o menos; ahorro estimado 4.6 mi.,4.6
RPS 1035617 - DV,866846053686225,2026-10-06 09:17:17,2026-10-06 09:17:39,0.4,"Carretera 670 (Tertiary, PR-670), Manati, Puerto Rico, 00693","Carretera 670 (Tertiary, PR-670), Manati, Puerto Rico, 00693",18.4243733,-66.47549,18.4243783,-66.4755883,0,0.01,,Sin distancia suficiente,La salida y llegada estan demasiado cerca o falta odometro para evaluar eficiencia.,Validar GPS/odometro; esta ruta no tiene distancia suficiente para comparacion operacional.,0
RPS 933-091 13 ME,0470009728,2026-10-06 09:19:00,2026-10-06 10:01:06,42.1,"Residential, Manati, Puerto Rico, 00674","Calle Ausubo / Calle 3 (Residential), Florida, Puerto Rico, 00650",18.424706,-66.475448,18.3731,-66.561578,11.95,6.68,1.79,Revisar,Recorrio 1.79x la distancia directa; supera el umbral eficiente de 1.35x.,"Para ser eficiente debe acercarse a 9.0 mi o menos; posible ahorro 2.9 mi. Revisar trafico, secuencia de entregas y desvio autorizado.",2.93
RPS 994-209 19 MD,0470009727,2026-10-06 09:35:03,2026-10-06 10:02:04,27.0,"Calle 42 Sureste (Residential), San Juan, Puerto Rico, 00921","Calle La Nueva Palma (Residential), San Juan, Puerto Rico, 00907",18.396692,-66.082899,18.446471,-66.080373,5.83,3.44,1.69,Revisar,Recorrio 1.69x la distancia directa; supera el umbral eficiente de 1.35x.,"Para ser eficiente debe acercarse a 4.6 mi o menos; posible ahorro 1.2 mi. Revisar trafico, secuencia de entregas y desvio autorizado.",1.18
RPS 996-332 21 EP,0470009726,2026-10-06 09:36:54,2026-10-06 10:03:36,26.7,"Residential, Villalba, Puerto Rico, 00766","Calle 3 (Residential), Juana Diaz, Puerto Rico, 00795",18.158321,-66.468509,18.080643,-66.501238,8.15,5.78,1.41,Revisar,Recorrio 1.41x la distancia directa; supera el umbral eficiente de 1.35x.,"Para ser eficiente debe acercarse a 7.8 mi o menos; posible ahorro 0.3 mi. Revisar trafico, secuencia de entregas y desvio autorizado.",0.34
RPS 1038729 - LV,866846053691563,2026-10-06 09:43:34,2026-10-06 09:44:53,1.3,"Carretera 670 (Tertiary, PR-670), Manati, Puerto Rico, 00693","Residential, Manati, Puerto Rico, 00674",18.4243383,-66.4754833,18.4243883,-66.475365,0,0.01,,Sin distancia suficiente,La salida y llegada estan demasiado cerca o falta odometro para evaluar eficiencia.,Validar GPS/odometro; esta ruta no tiene distancia suficiente para comparacion operacional.,0
RPS 1038729 - LV,866846053691563,2026-10-06 09:46:45,2026-10-06 11:38:57,112.2,"Residential, Manati, Puerto Rico, 00674","Residential, Maunabo, Puerto Rico, 00707",18.4243883,-66.475365,18.017905,-65.896,0.05,47.27,0.0,Eficiente,Recorrio 0.0x la distancia directa; esta dentro del umbral operacional de 1.35x.,Mantener patron actual; usar como referencia para rutas similares.,0
RPS 994-204 20 RR,0470009744,2026-10-06 09:51:19,2026-10-06 10:02:04,10.8,"Residential, Utuado, Puerto Rico, 00641","Residential, Utuado, Puerto Rico, 00641",18.289635,-66.716113,18.281878,-66.757878,4.26,2.79,1.52,Revisar,Recorrio 1.52x la distancia directa; supera el umbral eficiente de 1.35x.,"Para ser eficiente debe acercarse a 3.8 mi o menos; posible ahorro 0.5 mi. Revisar trafico, secuencia de entregas y desvio autorizado.",0.49
RPS IRK-578 17 AM,0470009725,2026-10-06 09:56:54,2026-10-06 11:01:21,64.5,"Parking, Avenida Ongay, Bayamon, Puerto Rico, 00961","Urbanización Park Gardens (Neighbourhood, residential, neighbourhood), San Juan, Puerto Rico, 00926",18.39799,-66.148283,18.38922,-66.031856,16.18,7.66,2.11,Ineficiente,Recorrio 2.11x la distancia directa; la ruta fue mucho mas larga que el trayecto esperado.,Alternativa: reordenar paradas y comparar contra Google Routes antes del despacho. Para pasar a eficiente: 10.3 mi o menos; ahorro estimado 5.8 mi.,5.84
RPS 994-204 20 RR,0470009744,2026-10-06 10:04:27,2026-10-06 10:26:57,22.5,"Residential, Utuado, Puerto Rico, 00641","PR-6602 (Tertiary), Utuado, Puerto Rico, 00641",18.281876,-66.757878,18.26785,-66.78702,7.75,2.14,3.61,Ineficiente,Recorrio 3.61x la distancia directa; la ruta fue mucho mas larga que el trayecto esperado.,Alternativa: reordenar paradas y comparar contra Google Routes antes del despacho. Para pasar a eficiente: 2.9 mi o menos; ahorro estimado 4.9 mi.,4.85
RPS 994-209 19 MD,0470009727,2026-10-06 10:06:06,2026-10-06 10:20:45,14.7,"Calle La Nueva Palma (Residential), San Juan, Puerto Rico, 00907","Apartments, Calle Miramar, San Juan, Puerto Rico, 00907",18.446471,-66.080373,18.455658,-66.085476,1.16,0.72,1.62,Revisar,Recorrio 1.62x la distancia directa; supera el umbral eficiente de 1.35x.,"Para ser eficiente debe acercarse a 1.0 mi o menos; posible ahorro 0.2 mi. Revisar trafico, secuencia de entregas y desvio autorizado.",0.19
RPS 933-090 12 LR,0470009730,2026-10-06 10:16:09,2026-10-06 10:24:22,8.2,"Calle 26 (Residential), Toa Baja, Puerto Rico, 00949","PR-867 (Tertiary), Sabana Seca, Puerto Rico, 00952",18.432488,-66.226816,18.431,-66.188646,3.2,2.5,1.28,Eficiente,Recorrio 1.28x la distancia directa; esta dentro del umbral operacional de 1.35x.,Mantener patron actual; usar como referencia para rutas similares.,0
RPS 996-332 21 EP,0470009726,2026-10-06 10:19:19,2026-10-06 10:37:08,17.8,"Calle 3 (Residential), Juana Diaz, Puerto Rico, 00795","Carretera Tijeras (Tertiary, PR-551), Juana Diaz, Puerto Rico, 00795",18.080643,-66.501238,18.053295,-66.47953,4.69,2.37,1.98,Ineficiente,Recorrio 1.98x la distancia directa; la ruta fue mucho mas larga que el trayecto esperado.,Alternativa: reordenar paradas y comparar contra Google Routes antes del despacho. Para pasar a eficiente: 3.2 mi o menos; ahorro estimado 1.5 mi.,1.49
RPS 933-089 11 EO,0470009731,2026-10-06 10:20:09,2026-10-06 11:01:13,41.1,"Residential, Quebradillas, Puerto Rico, 00678","Calle A (Residential), Arecibo, Puerto Rico, 00612",18.482713,-66.90459,18.462219,-66.72838,15.77,11.63,1.36,Revisar,Recorrio 1.36x la distancia directa; supera el umbral eficiente de 1.35x.,"Para ser eficiente debe acercarse a 15.7 mi o menos; posible ahorro 0.1 mi. Revisar trafico, secuencia de entregas y desvio autorizado.",0.06
RPS 994-209 19 MD,0470009727,2026-10-06 10:25:38,2026-10-06 10:31:27,5.8,"Apartments, Calle Miramar, San Juan, Puerto Rico, 00907","Avenida Fernández Juncos, San Juan, Puerto Rico, 00907",18.45566,-66.085466,18.451815,-66.08235,0.57,0.34,1.71,Revisar,Recorrio 1.71x la distancia directa; supera el umbral eficiente de 1.35x.,"Para ser eficiente debe acercarse a 0.5 mi o menos; posible ahorro 0.1 mi. Revisar trafico, secuencia de entregas y desvio autorizado.",0.12
RPS 933-091 13 ME,0470009728,2026-10-06 10:29:33,2026-10-06 11:13:01,43.5,"Calle Ausubo / Calle 3 (Residential), Florida, Puerto Rico, 00650","Calle Prudencio Meléndez (Residential), Arecibo, Puerto Rico, 00612",18.3731,-66.561578,18.422843,-66.743823,23.27,12.43,1.87,Ineficiente,Recorrio 1.87x la distancia directa; la ruta fue mucho mas larga que el trayecto esperado.,Alternativa: reordenar paradas y comparar contra Google Routes antes del despacho. Para pasar a eficiente: 16.8 mi o menos; ahorro estimado 6.5 mi.,6.48
RPS 994-204 20 RR,0470009744,2026-10-06 10:30:34,2026-10-06 11:30:55,60.4,"PR-6602 (Tertiary), Utuado, Puerto Rico, 00641","University Gardens (Residential, residential), Arecibo, Puerto Rico, 00612",18.26785,-66.78702,18.46842,-66.74669,23.76,14.11,1.68,Revisar,Recorrio 1.68x la distancia directa; supera el umbral eficiente de 1.35x.,"Para ser eficiente debe acercarse a 19.0 mi o menos; posible ahorro 4.7 mi. Revisar trafico, secuencia de entregas y desvio autorizado.",4.71
RPS 933-090 12 LR,0470009730,2026-10-06 10:31:27,2026-10-06 10:56:56,25.5,"PR-867 (Tertiary), Sabana Seca, Puerto Rico, 00952","Calle Bahamas (Residential), San Juan, Puerto Rico, 00920",18.431,-66.188646,18.413918,-66.08253,8.54,7.06,1.21,Eficiente,Recorrio 1.21x la distancia directa; esta dentro del umbral operacional de 1.35x.,Mantener patron actual; usar como referencia para rutas similares.,0
RPS 994-209 19 MD,0470009727,2026-10-06 10:32:42,2026-10-06 11:19:35,46.9,"Avenida Fernández Juncos, San Juan, Puerto Rico, 00907","Calle Figueroa (Residential), San Juan, Puerto Rico, 00923",18.45182,-66.082345,18.400383,-66.040028,11.01,4.51,2.44,Ineficiente,Recorrio 2.44x la distancia directa; la ruta fue mucho mas larga que el trayecto esperado.,Alternativa: reordenar paradas y comparar contra Google Routes antes del despacho. Para pasar a eficiente: 6.1 mi o menos; ahorro estimado 4.9 mi.,4.93
RPS 996-332 21 EP,0470009726,2026-10-06 10:42:09,2026-10-06 10:48:18,6.2,"Carretera Tijeras (Tertiary, PR-551), Juana Diaz, Puerto Rico, 00795","Carretera Central (Tertiary, PR-14), Juana Diaz, Puerto Rico, 00795",18.053295,-66.47953,18.051339,-66.484896,0.72,0.38,1.91,Ineficiente,Recorrio 1.91x la distancia directa; la ruta fue mucho mas larga que el trayecto esperado.,Alternativa: reordenar paradas y comparar contra Google Routes antes del despacho. Para pasar a eficiente: 0.5 mi o menos; ahorro estimado 0.2 mi.,0.21
RPS 996-332 21 EP,0470009726,2026-10-06 10:49:31,2026-10-06 11:21:03,31.5,"Carretera Central (Tertiary, PR-14), Juana Diaz, Puerto Rico, 00795","Calle A (Residential), Santa Isabel, Puerto Rico, 00757",18.051339,-66.484896,17.967781,-66.400836,12.92,7.99,1.62,Revisar,Recorrio 1.62x la distancia directa; supera el umbral eficiente de 1.35x.,"Para ser eficiente debe acercarse a 10.8 mi o menos; posible ahorro 2.1 mi. Revisar trafico, secuencia de entregas y desvio autorizado.",2.14
RPS 933-090 12 LR,0470009730,2026-10-06 10:58:18,2026-10-06 11:08:12,9.9,"Calle Bahamas (Residential), San Juan, Puerto Rico, 00920","SJU Fuel Pipeline (Pipeline, Pipelines of Puerto Rico), Carolina, Puerto Rico, 00979",18.413918,-66.08253,18.445628,-66.076546,4.01,2.23,1.8,Revisar,Recorrio 1.8x la distancia directa; supera el umbral eficiente de 1.35x.,"Para ser eficiente debe acercarse a 3.0 mi o menos; posible ahorro 1.0 mi. Revisar trafico, secuencia de entregas y desvio autorizado.",1.01
RPS 933-091 13 ME,0470009728,2026-10-06 11:22:58,2026-10-06 11:41:09,18.2,"Calle Prudencio Meléndez (Residential), Arecibo, Puerto Rico, 00612","Residential, Arecibo, Puerto Rico, 00612",18.422843,-66.743823,18.397223,-66.750215,2.63,1.82,1.45,Revisar,Recorrio 1.45x la distancia directa; supera el umbral eficiente de 1.35x.,"Para ser eficiente debe acercarse a 2.5 mi o menos; posible ahorro 0.2 mi. Revisar trafico, secuencia de entregas y desvio autorizado.",0.18
RPS 933-090 12 LR,0470009730,2026-10-06 11:23:49,2026-10-06 11:38:54,15.1,"SJU Fuel Pipeline (Pipeline, Pipelines of Puerto Rico), Carolina, Puerto Rico, 00979","Avenida Eduardo Conde (Tertiary), San Juan, Puerto Rico, 00915",18.445628,-66.076548,18.438741,-66.046634,4.53,2.02,2.24,Ineficiente,Recorrio 2.24x la distancia directa; la ruta fue mucho mas larga que el trayecto esperado.,Alternativa: reordenar paradas y comparar contra Google Routes antes del despacho. Para pasar a eficiente: 2.7 mi o menos; ahorro estimado 1.8 mi.,1.81
RPS 996-332 21 EP,0470009726,2026-10-06 11:24:36,2026-10-06 11:47:22,22.8,"Calle A (Residential), Santa Isabel, Puerto Rico, 00757","Calle 16 (Residential), Santa Isabel, Puerto Rico, 00757",17.967781,-66.400836,18.00699,-66.391219,4.52,2.78,1.63,Revisar,Recorrio 1.63x la distancia directa; supera el umbral eficiente de 1.35x.,"Para ser eficiente debe acercarse a 3.8 mi o menos; posible ahorro 0.8 mi. Revisar trafico, secuencia de entregas y desvio autorizado.",0.77
RPS 933-089 11 EO,0470009731,2026-10-06 11:30:18,2026-10-06 13:01:51,91.5,"Calle A (Residential), Arecibo, Puerto Rico, 00612","Calle 4 (Residential), Arecibo, Puerto Rico, 00612",18.462219,-66.728381,18.446736,-66.748703,13.7,1.71,8.02,Ineficiente,Recorrio 8.02x la distancia directa; la ruta fue mucho mas larga que el trayecto esperado.,Alternativa: reordenar paradas y comparar contra Google Routes antes del despacho. Para pasar a eficiente: 2.3 mi o menos; ahorro estimado 11.4 mi.,11.39
RPS 994-209 19 MD,0470009727,2026-10-06 11:34:15,2026-10-06 13:14:39,100.4,"Calle Figueroa (Residential), San Juan, Puerto Rico, 00923","Calle Merhoff (Residential), San Juan, Puerto Rico, 00915",18.400383,-66.040028,18.441405,-66.046629,6.45,2.87,2.25,Ineficiente,Recorrio 2.25x la distancia directa; la ruta fue mucho mas larga que el trayecto esperado.,Alternativa: reordenar paradas y comparar contra Google Routes antes del despacho. Para pasar a eficiente: 3.9 mi o menos; ahorro estimado 2.6 mi.,2.58
RPS 994-204 20 RR,0470009744,2026-10-06 11:39:12,2026-10-06 12:40:29,61.3,"University Gardens (Residential, residential), Arecibo, Puerto Rico, 00612","Camino Florida (Secondary, PR-642), Florida, Puerto Rico, 00650",18.46842,-66.74669,18.363025,-66.551358,22.06,14.73,1.5,Revisar,Recorrio 1.5x la distancia directa; supera el umbral eficiente de 1.35x.,"Para ser eficiente debe acercarse a 19.9 mi o menos; posible ahorro 2.2 mi. Revisar trafico, secuencia de entregas y desvio autorizado.",2.17
RPS 996-332 21 EP,0470009726,2026-10-06 11:51:01,2026-10-06 12:52:17,61.3,"Calle 16 (Residential), Santa Isabel, Puerto Rico, 00757","Track, Coamo, Puerto Rico, 00769",18.006987,-66.391221,18.103401,-66.419791,12.4,6.92,1.79,Revisar,Recorrio 1.79x la distancia directa; supera el umbral eficiente de 1.35x.,"Para ser eficiente debe acercarse a 9.3 mi o menos; posible ahorro 3.1 mi. Revisar trafico, secuencia de entregas y desvio autorizado.",3.06
RPS 933-090 12 LR,0470009730,2026-10-06 11:51:11,2026-10-06 13:46:50,115.7,"Avenida Eduardo Conde (Tertiary), San Juan, Puerto Rico, 00915","Pedro Rosario Nieves (Neighbourhood, residential, neighbourhood), Fajardo, Puerto Rico, 00738",18.438741,-66.046634,18.33333,-65.646426,34.47,27.23,1.27,Eficiente,Recorrio 1.27x la distancia directa; esta dentro del umbral operacional de 1.35x.,Mantener patron actual; usar como referencia para rutas similares.,0
RPS IRK-578 17 AM,0470009725,2026-10-06 12:02:49,2026-10-06 12:47:29,44.7,"Urbanización Park Gardens (Neighbourhood, residential, neighbourhood), San Juan, Puerto Rico, 00926","Calle 11 Sureste (Residential), San Juan, Puerto Rico, 00921",18.389218,-66.031856,18.395306,-66.079921,4.34,3.18,1.37,Revisar,Recorrio 1.37x la distancia directa; supera el umbral eficiente de 1.35x.,"Para ser eficiente debe acercarse a 4.3 mi o menos; posible ahorro 0.1 mi. Revisar trafico, secuencia de entregas y desvio autorizado.",0.05
RPS 1038729 - LV,866846053691563,2026-10-06 12:24:28,2026-10-06 12:41:16,16.8,"Residential, Maunabo, Puerto Rico, 00707","Calle 2 (Residential), Maunabo, Puerto Rico, 00707",18.017905,-65.896,18.0084283,-65.9326366,0.0,2.49,0.0,Eficiente,Recorrio 0.0x la distancia directa; esta dentro del umbral operacional de 1.35x.,Mantener patron actual; usar como referencia para rutas similares.,0
RPS 933-091 13 ME,0470009728,2026-10-06 12:29:56,2026-10-06 12:47:48,17.9,"Residential, Arecibo, Puerto Rico, 00612","Ruta del Azúcar Norteño (Tertiary, PR-134), Hatillo, Puerto Rico, 00659",18.397223,-66.750213,18.368388,-66.794843,5.55,3.54,1.57,Revisar,Recorrio 1.57x la distancia directa; supera el umbral eficiente de 1.35x.,"Para ser eficiente debe acercarse a 4.8 mi o menos; posible ahorro 0.8 mi. Revisar trafico, secuencia de entregas y desvio autorizado.",0.77
RPS 933-091 13 ME,0470009728,2026-10-06 12:51:49,2026-10-06 13:12:56,21.1,"Ruta del Azúcar Norteño (Tertiary, PR-134), Hatillo, Puerto Rico, 00659","Service, Lares, Puerto Rico, 00669",18.368388,-66.794843,18.299295,-66.86351,8.13,6.56,1.24,Eficiente,Recorrio 1.24x la distancia directa; esta dentro del umbral operacional de 1.35x.,Mantener patron actual; usar como referencia para rutas similares.,0
RPS-985-742-18 ER,0470009732,2026-10-06 13:01:13,2026-10-06 13:03:00,1.8,"Residential, Manati, Puerto Rico, 00674","Residential, Manati, Puerto Rico, 00674",18.424463,-66.475447,18.424758,-66.475503,0.04,0.02,,Sin distancia suficiente,La salida y llegada estan demasiado cerca o falta odometro para evaluar eficiencia.,Validar GPS/odometro; esta ruta no tiene distancia suficiente para comparacion operacional.,0
RPS 996-332 21 EP,0470009726,2026-10-06 13:02:59,2026-10-06 15:17:53,134.9,"Track, Coamo, Puerto Rico, 00769","Residential, Manati, Puerto Rico, 00674",18.103401,-66.419791,18.424709,-66.4754,45.54,22.5,2.02,Ineficiente,Recorrio 2.02x la distancia directa; la ruta fue mucho mas larga que el trayecto esperado.,Alternativa: reordenar paradas y comparar contra Google Routes antes del despacho. Para pasar a eficiente: 30.4 mi o menos; ahorro estimado 15.2 mi.,15.17
RPS IRK-578 17 AM,0470009725,2026-10-06 13:08:35,2026-10-06 13:26:00,17.4,"Calle 11 Sureste (Residential), San Juan, Puerto Rico, 00921","Escuela Gabriela Mistral (School, 61382, Departamento de Educación), San Juan, Puerto Rico, 00928",18.395306,-66.079921,18.40015,-66.09156,1.13,0.83,1.35,Eficiente,Recorrio 1.35x la distancia directa; esta dentro del umbral operacional de 1.35x.,Mantener patron actual; usar como referencia para rutas similares.,0
RPS 1035617 - DV,866846053686225,2026-10-06 13:13:18,2026-10-06 14:08:38,55.3,"Carretera 670 (Tertiary, PR-670), Manati, Puerto Rico, 00693","Carretera Principal Charcas (Tertiary, PR-437), Quebradillas, Puerto Rico, 00678",18.4243783,-66.4755883,18.4120566,-66.9316183,0,29.91,,Sin distancia suficiente,La salida y llegada estan demasiado cerca o falta odometro para evaluar eficiencia.,Validar GPS/odometro; esta ruta no tiene distancia suficiente para comparacion operacional.,0
RPS-985-742-18 ER,0470009732,2026-10-06 13:15:16,2026-10-06 13:17:22,2.1,"Residential, Manati, Puerto Rico, 00674","Residential, Manati, Puerto Rico, 00674",18.424758,-66.475503,18.424493,-66.475483,0.04,0.02,,Sin distancia suficiente,La salida y llegada estan demasiado cerca o falta odometro para evaluar eficiencia.,Validar GPS/odometro; esta ruta no tiene distancia suficiente para comparacion operacional.,0
RPS 994-204 20 RR,0470009744,2026-10-06 13:22:31,2026-10-06 13:41:48,19.3,"Camino Florida (Secondary, PR-642), Florida, Puerto Rico, 00650","Calle 7 (Residential), Barceloneta, Puerto Rico, 00617",18.363025,-66.551358,18.414201,-66.576636,6.57,3.91,1.68,Revisar,Recorrio 1.68x la distancia directa; supera el umbral eficiente de 1.35x.,"Para ser eficiente debe acercarse a 5.3 mi o menos; posible ahorro 1.3 mi. Revisar trafico, secuencia de entregas y desvio autorizado.",1.29
RPS 994-209 19 MD,0470009727,2026-10-06 13:26:15,2026-10-06 13:54:18,28.1,"Calle Merhoff (Residential), San Juan, Puerto Rico, 00915","Condominio Monteverde Real (Residential, residential), San Juan, Puerto Rico, 00926",18.441405,-66.046629,18.354383,-66.075938,8.59,6.31,1.36,Revisar,Recorrio 1.36x la distancia directa; supera el umbral eficiente de 1.35x.,"Para ser eficiente debe acercarse a 8.5 mi o menos; posible ahorro 0.1 mi. Revisar trafico, secuencia de entregas y desvio autorizado.",0.07
RPS 933-089 11 EO,0470009731,2026-10-06 13:27:34,2026-10-06 14:26:03,58.5,"Calle 4 (Residential), Arecibo, Puerto Rico, 00612","Calle Los Robles (Residential), Utuado, Puerto Rico, 00641",18.446736,-66.748703,18.291302,-66.732488,24.74,10.79,2.29,Ineficiente,Recorrio 2.29x la distancia directa; la ruta fue mucho mas larga que el trayecto esperado.,Alternativa: reordenar paradas y comparar contra Google Routes antes del despacho. Para pasar a eficiente: 14.6 mi o menos; ahorro estimado 10.2 mi.,10.18
RPS IRK-578 17 AM,0470009725,2026-10-06 13:29:06,2026-10-06 13:29:47,0.7,"Escuela Gabriela Mistral (School, 61382, Departamento de Educación), San Juan, Puerto Rico, 00928","Escuela Gabriela Mistral (School, 61382, Departamento de Educación), San Juan, Puerto Rico, 00928",18.40015,-66.09156,18.400128,-66.091635,0,0.01,,Sin distancia suficiente,La salida y llegada estan demasiado cerca o falta odometro para evaluar eficiencia.,Validar GPS/odometro; esta ruta no tiene distancia suficiente para comparacion operacional.,0
RPS IRK-578 17 AM,0470009725,2026-10-06 13:31:44,2026-10-06 13:31:51,0.1,"Escuela Gabriela Mistral (School, 61382, Departamento de Educación), San Juan, Puerto Rico, 00928","Escuela Gabriela Mistral (School, 61382, Departamento de Educación), San Juan, Puerto Rico, 00928",18.400128,-66.091635,18.400128,-66.091635,0,0.0,,Sin distancia suficiente,La salida y llegada estan demasiado cerca o falta odometro para evaluar eficiencia.,Validar GPS/odometro; esta ruta no tiene distancia suficiente para comparacion operacional.,0
RPS IRK-578 17 AM,0470009725,2026-10-06 13:37:12,2026-10-06 13:37:24,0.2,"Escuela Gabriela Mistral (School, 61382, Departamento de Educación), San Juan, Puerto Rico, 00928","Escuela Gabriela Mistral (School, 61382, Departamento de Educación), San Juan, Puerto Rico, 00928",18.400128,-66.091635,18.400128,-66.091635,0,0.0,,Sin distancia suficiente,La salida y llegada estan demasiado cerca o falta odometro para evaluar eficiencia.,Validar GPS/odometro; esta ruta no tiene distancia suficiente para comparacion operacional.,0
RPS 1038729 - LV,866846053691563,2026-10-06 13:43:49,2026-10-06 15:48:38,124.8,"Calle 2 (Residential), Maunabo, Puerto Rico, 00707","Carretera Néstor Luis Figueroa Lugo (Tertiary, PR-512), Juana Diaz, Puerto Rico, 00795",18.0084283,-65.9326366,18.114335,-66.5375266,0.04,40.4,0.0,Eficiente,Recorrio 0.0x la distancia directa; esta dentro del umbral operacional de 1.35x.,Mantener patron actual; usar como referencia para rutas similares.,0
RPS 933-091 13 ME,0470009728,2026-10-06 13:45:27,2026-10-06 14:26:24,41.0,"Service, Lares, Puerto Rico, 00669","Carretera Miguel de Hernández Elías (Secondary, PR-119), Camuy, Puerto Rico, 00627",18.299295,-66.863511,18.462021,-66.870246,15.22,11.25,1.35,Eficiente,Recorrio 1.35x la distancia directa; esta dentro del umbral operacional de 1.35x.,Mantener patron actual; usar como referencia para rutas similares.,0
RPS IRK-578 17 AM,0470009725,2026-10-06 13:46:42,2026-10-06 13:54:38,7.9,"Escuela Gabriela Mistral (School, 61382, Departamento de Educación), San Juan, Puerto Rico, 00928","Escuela Gabriela Mistral (School, 61382, Departamento de Educación), San Juan, Puerto Rico, 00928",18.400128,-66.091635,18.400128,-66.091635,0,0.0,,Sin distancia suficiente,La salida y llegada estan demasiado cerca o falta odometro para evaluar eficiencia.,Validar GPS/odometro; esta ruta no tiene distancia suficiente para comparacion operacional.,0
RPS 933-090 12 LR,0470009730,2026-10-06 13:56:03,2026-10-06 14:56:23,60.3,"Pedro Rosario Nieves (Neighbourhood, residential, neighbourhood), Fajardo, Puerto Rico, 00738","Carretera Ernesto Carrasquillo (Secondary, PR-901), Yabucoa, Puerto Rico, 00767",18.33333,-65.646426,18.044529,-65.854999,29.29,24.2,1.21,Eficiente,Recorrio 1.21x la distancia directa; esta dentro del umbral operacional de 1.35x.,Mantener patron actual; usar como referencia para rutas similares.,0
RPS 994-204 20 RR,0470009744,2026-10-06 14:00:40,2026-10-06 14:39:47,39.1,"Calle 7 (Residential), Barceloneta, Puerto Rico, 00617","Residential, Manati, Puerto Rico, 00674",18.414201,-66.576636,18.424791,-66.475436,8.54,6.67,1.28,Eficiente,Recorrio 1.28x la distancia directa; esta dentro del umbral operacional de 1.35x.,Mantener patron actual; usar como referencia para rutas similares.,0
RPS 994-209 19 MD,0470009727,2026-10-06 14:09:58,2026-10-06 15:01:37,51.6,"Condominio Monteverde Real (Residential, residential), San Juan, Puerto Rico, 00926","Roof, Carretera Militar, Manatí, Puerto Rico, 00674",18.354383,-66.075938,18.43223,-66.476865,35.38,26.83,1.32,Eficiente,Recorrio 1.32x la distancia directa; esta dentro del umbral operacional de 1.35x.,Mantener patron actual; usar como referencia para rutas similares.,0
RPS IRK-578 17 AM,0470009725,2026-10-06 14:25:46,2026-10-06 14:29:46,4.0,"Escuela Gabriela Mistral (School, 61382, Departamento de Educación), San Juan, Puerto Rico, 00928","Escuela Gabriela Mistral (School, 61382, Departamento de Educación), San Juan, Puerto Rico, 00928",18.400128,-66.091635,18.400165,-66.091488,0.03,0.01,,Sin distancia suficiente,La salida y llegada estan demasiado cerca o falta odometro para evaluar eficiencia.,Validar GPS/odometro; esta ruta no tiene distancia suficiente para comparacion operacional.,0
RPS 933-091 13 ME,0470009728,2026-10-06 14:29:03,2026-10-06 14:55:07,26.1,"Carretera Miguel de Hernández Elías (Secondary, PR-119), Camuy, Puerto Rico, 00627","Universidad Interamericana de Arecibo (University), Avenida Catalina Santiago Chico, Hato Abajo, Puerto Rico, 00612",18.462021,-66.870246,18.47404,-66.758741,8.92,7.35,1.21,Eficiente,Recorrio 1.21x la distancia directa; esta dentro del umbral operacional de 1.35x.,Mantener patron actual; usar como referencia para rutas similares.,0
RPS IRK-578 17 AM,0470009725,2026-10-06 14:50:31,2026-10-06 14:50:50,0.3,"Escuela Gabriela Mistral (School, 61382, Departamento de Educación), San Juan, Puerto Rico, 00928","Calle 8 Suroeste (Residential), San Juan, Puerto Rico, 00921",18.400165,-66.091488,18.400132,-66.091425,0,0.0,,Sin distancia suficiente,La salida y llegada estan demasiado cerca o falta odometro para evaluar eficiencia.,Validar GPS/odometro; esta ruta no tiene distancia suficiente para comparacion operacional.,0
RPS 994-204 20 RR,0470009744,2026-10-06 14:54:13,2026-10-06 14:55:09,0.9,"Residential, Manati, Puerto Rico, 00674","Residential, Manati, Puerto Rico, 00674",18.424791,-66.475436,18.42449,-66.475451,0.05,0.02,,Sin distancia suficiente,La salida y llegada estan demasiado cerca o falta odometro para evaluar eficiencia.,Validar GPS/odometro; esta ruta no tiene distancia suficiente para comparacion operacional.,0
RPS IRK-578 17 AM,0470009725,2026-10-06 14:59:29,2026-10-06 15:01:32,2.0,"Calle 8 Suroeste (Residential), San Juan, Puerto Rico, 00921","Escuela Gabriela Mistral (School, 61382, Departamento de Educación), San Juan, Puerto Rico, 00928",18.400132,-66.091425,18.400158,-66.09153,0.02,0.01,,Sin distancia suficiente,La salida y llegada estan demasiado cerca o falta odometro para evaluar eficiencia.,Validar GPS/odometro; esta ruta no tiene distancia suficiente para comparacion operacional.,0
RPS 933-090 12 LR,0470009730,2026-10-06 15:00:55,2026-10-06 15:30:01,29.1,"Carretera Ernesto Carrasquillo (Secondary, PR-901), Yabucoa, Puerto Rico, 00767","Residential, Yabucoa, Puerto Rico, 00767",18.04453,-65.855001,18.099403,-65.899378,7.32,4.78,1.53,Revisar,Recorrio 1.53x la distancia directa; supera el umbral eficiente de 1.35x.,"Para ser eficiente debe acercarse a 6.5 mi o menos; posible ahorro 0.9 mi. Revisar trafico, secuencia de entregas y desvio autorizado.",0.87
RPS 933-089 11 EO,0470009731,2026-10-06 15:02:27,2026-10-06 16:15:54,73.5,"Calle Los Robles (Residential), Utuado, Puerto Rico, 00641","Carretera 670 (Tertiary, PR-670), Manati, Puerto Rico, 00693",18.291301,-66.732488,18.424398,-66.475578,38.73,19.19,2.02,Ineficiente,Recorrio 2.02x la distancia directa; la ruta fue mucho mas larga que el trayecto esperado.,Alternativa: reordenar paradas y comparar contra Google Routes antes del despacho. Para pasar a eficiente: 25.9 mi o menos; ahorro estimado 12.8 mi.,12.81
RPS 994-209 19 MD,0470009727,2026-10-06 15:09:39,2026-10-06 15:15:30,5.8,"Roof, Carretera Militar, Manatí, Puerto Rico, 00674","Residential, Manati, Puerto Rico, 00674",18.432238,-66.476863,18.424785,-66.475428,0.74,0.52,1.42,Revisar,Recorrio 1.42x la distancia directa; supera el umbral eficiente de 1.35x.,"Para ser eficiente debe acercarse a 0.7 mi o menos; posible ahorro 0.0 mi. Revisar trafico, secuencia de entregas y desvio autorizado.",0.04
RPS 994-209 19 MD,0470009727,2026-10-06 15:22:49,2026-10-06 15:25:45,2.9,"Residential, Manati, Puerto Rico, 00674","Residential, Manati, Puerto Rico, 00674",18.424785,-66.475428,18.424461,-66.475473,0.06,0.02,,Sin distancia suficiente,La salida y llegada estan demasiado cerca o falta odometro para evaluar eficiencia.,Validar GPS/odometro; esta ruta no tiene distancia suficiente para comparacion operacional.,0
RPS 996-332 21 EP,0470009726,2026-10-06 15:29:18,2026-10-06 15:31:43,2.4,"Residential, Manati, Puerto Rico, 00674","Residential, Manati, Puerto Rico, 00674",18.42471,-66.475399,18.424466,-66.475514,0.07,0.02,,Sin distancia suficiente,La salida y llegada estan demasiado cerca o falta odometro para evaluar eficiencia.,Validar GPS/odometro; esta ruta no tiene distancia suficiente para comparacion operacional.,0
RPS 994-209 19 MD,0470009727,2026-10-06 15:40:38,2026-10-06 15:40:49,0.2,"Residential, Manati, Puerto Rico, 00674","Residential, Manati, Puerto Rico, 00674",18.42445,-66.475507,18.424451,-66.475507,0,0.0,,Sin distancia suficiente,La salida y llegada estan demasiado cerca o falta odometro para evaluar eficiencia.,Validar GPS/odometro; esta ruta no tiene distancia suficiente para comparacion operacional.,0
RPS 994-209 19 MD,0470009727,2026-10-06 15:40:55,2026-10-06 15:43:59,3.1,"Residential, Manati, Puerto Rico, 00674","Residential, Manati, Puerto Rico, 00674",18.424451,-66.475508,18.424445,-66.475506,0.0,0.0,,Sin distancia suficiente,La salida y llegada estan demasiado cerca o falta odometro para evaluar eficiencia.,Validar GPS/odometro; esta ruta no tiene distancia suficiente para comparacion operacional.,0
RPS IRK-578 17 AM,0470009725,2026-10-06 15:52:57,2026-10-06 15:53:36,0.7,"Residential, Manati, Puerto Rico, 00674","Carretera 670 (Tertiary, PR-670), Manati, Puerto Rico, 00693",18.424448,-66.475541,18.424371,-66.475576,0.01,0.01,,Sin distancia suficiente,La salida y llegada estan demasiado cerca o falta odometro para evaluar eficiencia.,Validar GPS/odometro; esta ruta no tiene distancia suficiente para comparacion operacional.,0
RPS 933-091 13 ME,0470009728,2026-10-06 15:57:12,2026-10-06 16:34:37,37.4,"Universidad Interamericana de Arecibo (University), Avenida Catalina Santiago Chico, Hato Abajo, Puerto Rico, 00612","Post_office (United States Postal Service), Manati, Puerto Rico, 00674",18.47404,-66.758741,18.432926,-66.484356,22.83,18.21,1.25,Eficiente,Recorrio 1.25x la distancia directa; esta dentro del umbral operacional de 1.35x.,Mantener patron actual; usar como referencia para rutas similares.,0
RPS 1038729 - LV,866846053691563,2026-10-06 16:13:15,2026-10-06 16:47:03,33.8,"Carretera Néstor Luis Figueroa Lugo (Tertiary, PR-512), Juana Diaz, Puerto Rico, 00795","Carretera Alcalde Ramón ""Moncho"" Negrón Rivera (Secondary, PR-149), Villalba, Puerto Rico, 00766",18.114335,-66.5375266,18.1234149,-66.5016999,0.01,2.43,0.0,Eficiente,Recorrio 0.0x la distancia directa; esta dentro del umbral operacional de 1.35x.,Mantener patron actual; usar como referencia para rutas similares.,0
RPS IRK-578 17 AM,0470009725,2026-10-06 16:13:33,2026-10-06 16:14:01,0.5,"Carretera 670 (Tertiary, PR-670), Manati, Puerto Rico, 00693","Carretera 670 (Tertiary, PR-670), Manati, Puerto Rico, 00693",18.424371,-66.475576,18.424405,-66.475571,0.01,0.0,,Sin distancia suficiente,La salida y llegada estan demasiado cerca o falta odometro para evaluar eficiencia.,Validar GPS/odometro; esta ruta no tiene distancia suficiente para comparacion operacional.,0
RPS 933-090 12 LR,0470009730,2026-10-06 16:35:16,2026-10-06 16:35:36,0.3,"Residential, Yabucoa, Puerto Rico, 00767","Residential, Yabucoa, Puerto Rico, 00767",18.099403,-65.899378,18.099581,-65.899435,0.02,0.01,,Sin distancia suficiente,La salida y llegada estan demasiado cerca o falta odometro para evaluar eficiencia.,Validar GPS/odometro; esta ruta no tiene distancia suficiente para comparacion operacional.,0
RPS 933-091 13 ME,0470009728,2026-10-06 16:41:06,2026-10-06 16:53:07,12.0,"Post_office (United States Postal Service), Manati, Puerto Rico, 00674","Plaza Monte Real (Retail, retail), Manati, Puerto Rico, 00674",18.432926,-66.484356,18.440008,-66.456916,2.11,1.86,1.13,Eficiente,Recorrio 1.13x la distancia directa; esta dentro del umbral operacional de 1.35x.,Mantener patron actual; usar como referencia para rutas similares.,0
RPS 1038729 - LV,866846053691563,2026-10-06 16:55:03,2026-10-06 18:36:58,101.9,"Carretera Alcalde Ramón ""Moncho"" Negrón Rivera (Secondary, PR-149), Villalba, Puerto Rico, 00766","Residential, Vega Baja, Puerto Rico, 00693",18.1234149,-66.5016999,18.4827666,-66.4287266,0.03,25.29,0.0,Eficiente,Recorrio 0.0x la distancia directa; esta dentro del umbral operacional de 1.35x.,Mantener patron actual; usar como referencia para rutas similares.,0
RPS 933-091 13 ME,0470009728,2026-10-06 17:12:04,2026-10-06 17:26:29,14.4,"Plaza Monte Real (Retail, retail), Manati, Puerto Rico, 00674","Residential, Manati, Puerto Rico, 00674",18.440006,-66.456916,18.418633,-66.461998,2.06,1.51,1.36,Revisar,Recorrio 1.36x la distancia directa; supera el umbral eficiente de 1.35x.,"Para ser eficiente debe acercarse a 2.0 mi o menos; posible ahorro 0.0 mi. Revisar trafico, secuencia de entregas y desvio autorizado.",0.02
RPS 933-090 12 LR,0470009730,2026-10-07 04:48:51,2026-10-07 06:16:34,87.7,"Residential, Yabucoa, Puerto Rico, 00767","Carretera 670 (Tertiary, PR-670), Manati, Puerto Rico, 00693",18.099581,-65.899435,18.423728,-66.482929,64.13,44.35,1.45,Revisar,Recorrio 1.45x la distancia directa; supera el umbral eficiente de 1.35x.,"Para ser eficiente debe acercarse a 59.9 mi o menos; posible ahorro 4.3 mi. Revisar trafico, secuencia de entregas y desvio autorizado.",4.25
RPS 1038729 - LV,866846053691563,2026-10-07 05:49:47,2026-10-07 07:44:28,114.7,"Residential, Vega Baja, Puerto Rico, 00693","Centro Médico de Puerto Rico (Hospital), San Juan, Puerto Rico, 00927",18.4827666,-66.4287266,18.3993366,-66.073675,0.02,23.98,0.0,Eficiente,Recorrio 0.0x la distancia directa; esta dentro del umbral operacional de 1.35x.,Mantener patron actual; usar como referencia para rutas similares.,0
RPS 933-090 12 LR,0470009730,2026-10-07 06:30:10,2026-10-07 06:32:26,2.3,"Carretera 670 (Tertiary, PR-670), Manati, Puerto Rico, 00693","Carretera 670 (Tertiary, PR-670), Manati, Puerto Rico, 00693",18.423728,-66.482928,18.424386,-66.475623,0.56,0.48,1.17,Eficiente,Recorrio 1.17x la distancia directa; esta dentro del umbral operacional de 1.35x.,Mantener patron actual; usar como referencia para rutas similares.,0
RPS 1035617 - DV,866846053686225,2026-10-07 06:32:35,2026-10-07 06:48:04,15.5,"Carretera Principal Charcas (Tertiary, PR-437), Quebradillas, Puerto Rico, 00678","Total (Convenience), Carretera Militar, Camuy, Puerto Rico, 00627",18.4120566,-66.9316183,18.4648283,-66.8873883,0,4.66,,Sin distancia suficiente,La salida y llegada estan demasiado cerca o falta odometro para evaluar eficiencia.,Validar GPS/odometro; esta ruta no tiene distancia suficiente para comparacion operacional.,0
RPS 1035617 - DV,866846053686225,2026-10-07 06:53:45,2026-10-07 07:37:48,44.0,"Total (Convenience), Carretera Militar, Camuy, Puerto Rico, 00627","Residential, Manati, Puerto Rico, 00674",18.4648283,-66.8873883,18.4247316,-66.47549,0,27.14,,Sin distancia suficiente,La salida y llegada estan demasiado cerca o falta odometro para evaluar eficiencia.,Validar GPS/odometro; esta ruta no tiene distancia suficiente para comparacion operacional.,0
RPS 994-209 19 MD,0470009727,2026-10-07 07:03:46,2026-10-07 07:05:39,1.9,"Residential, Manati, Puerto Rico, 00674","Residential, Manati, Puerto Rico, 00674",18.424442,-66.475505,18.424736,-66.475455,0.05,0.02,,Sin distancia suficiente,La salida y llegada estan demasiado cerca o falta odometro para evaluar eficiencia.,Validar GPS/odometro; esta ruta no tiene distancia suficiente para comparacion operacional.,0
RPS 994-204 20 RR,0470009744,2026-10-07 07:05:25,2026-10-07 07:29:03,23.6,"Residential, Manati, Puerto Rico, 00674","Calle J (Residential), Ciales, Puerto Rico, 00638",18.42449,-66.475456,18.361428,-66.465508,6.59,4.41,1.5,Revisar,Recorrio 1.5x la distancia directa; supera el umbral eficiente de 1.35x.,"Para ser eficiente debe acercarse a 5.9 mi o menos; posible ahorro 0.6 mi. Revisar trafico, secuencia de entregas y desvio autorizado.",0.64
RPS 994-209 19 MD,0470009727,2026-10-07 07:10:51,2026-10-07 07:40:32,29.7,"Residential, Manati, Puerto Rico, 00674","Carretera Don Justiniano ""Justo"" Torres Jiménez (Tertiary, PR-662), Arecibo, Puerto Rico, 00616",18.424736,-66.475455,18.44717,-66.67945,15.46,13.46,1.15,Eficiente,Recorrio 1.15x la distancia directa; esta dentro del umbral operacional de 1.35x.,Mantener patron actual; usar como referencia para rutas similares.,0
RPS-985-742-18 ER,0470009732,2026-10-07 07:12:57,2026-10-07 07:36:02,23.1,"Residential, Manati, Puerto Rico, 00674","Urb. Camino del Sol (Residential, residential), Vega Baja, Puerto Rico, 00693",18.424493,-66.475483,18.44188,-66.436453,4.11,2.83,1.45,Revisar,Recorrio 1.45x la distancia directa; supera el umbral eficiente de 1.35x.,"Para ser eficiente debe acercarse a 3.8 mi o menos; posible ahorro 0.3 mi. Revisar trafico, secuencia de entregas y desvio autorizado.",0.29
RPS 933-091 13 ME,0470009728,2026-10-07 07:55:19,2026-10-07 08:01:58,6.7,"Residential, Manati, Puerto Rico, 00674","Carretera 670 (Tertiary, PR-670), Manati, Puerto Rico, 00693",18.418632,-66.461998,18.424405,-66.475518,1.43,0.97,1.47,Revisar,Recorrio 1.47x la distancia directa; supera el umbral eficiente de 1.35x.,"Para ser eficiente debe acercarse a 1.3 mi o menos; posible ahorro 0.1 mi. Revisar trafico, secuencia de entregas y desvio autorizado.",0.12
